record_name,atom_number,blank_1,atom_name,alt_loc,residue_name,blank_2,chain_id,residue_number,insertion,blank_3,x_coord,y_coord,z_coord,occupancy,b_factor,blank_4,segment_id,element_symbol,charge,line_idx,min_dist,closest_atom,closest_atom_type,bond
HETATM,8320,,MG,,MG,,O,409,,,103.69,98.364,103.399,1.0,12.07,,,Mg,,8339,1.9221191430293747,OP,Oᴿᴺᴬ,Mg²⁺-Oᴿᴺᴬ
HETATM,8321,,MG,,MG,,O,410,,,116.159,98.984,122.779,1.0,14.4,,,Mg,,8340,2.0178438988187417,OP,Oᴿᴺᴬ,Mg²⁺-Oᴿᴺᴬ
HETATM,8322,,MG,,MG,,O,411,,,120.683,100.532,122.284,1.0,12.3,,,Mg,,8341,2.186209047643899,OP,Oᴿᴺᴬ,Mg²⁺-Oᴿᴺᴬ
HETATM,8323,,MG,,MG,,O,412,,,91.699,90.949,99.028,1.0,19.85,,,Mg,,8342,1.893273884043182,OP,Oᴿᴺᴬ,Mg²⁺-Oᴿᴺᴬ
HETATM,8324,,MG,,MG,,O,413,,,83.078,91.332,103.14,1.0,41.82,,,Mg,,8343,2.2632441317719163,N7,Nᴿᴺᴬ,Mg²⁺-Nᴿᴺᴬ
HETATM,8325,,MG,,MG,,O,414,,,113.903,90.516,125.266,1.0,13.5,,,Mg,,8344,2.122392046724636,OP,Oᴿᴺᴬ,Mg²⁺-Oᴿᴺᴬ
HETATM,8326,,MG,,MG,,O,415,,,103.337,100.072,90.439,1.0,28.48,,,Mg,,8345,2.3437514799995367,O,H₂O,Mg²⁺-H₂O
HETATM,8327,,MG,,MG,,O,416,,,92.025,96.985,107.577,1.0,25.74,,,Mg,,8346,1.831442600793154,OP,Oᴿᴺᴬ,Mg²⁺-Oᴿᴺᴬ
HETATM,8328,,MG,,MG,,O,417,,,104.93,98.8,88.627,1.0,15.65,,,Mg,,8347,2.143244503084052,OP,Oᴿᴺᴬ,Mg²⁺-Oᴿᴺᴬ
HETATM,8329,,MG,,MG,,O,418,,,106.486,92.277,94.746,1.0,10.28,,,Mg,,8348,1.8690775799843102,OP,Oᴿᴺᴬ,Mg²⁺-Oᴿᴺᴬ
HETATM,8330,,MG,,MG,,O,419,,,110.288,105.76,97.17,1.0,12.33,,,Mg,,8349,2.1746779071853433,OP,Oᴿᴺᴬ,Mg²⁺-Oᴿᴺᴬ
HETATM,8331,,MG,,MG,,O,420,,,79.547,97.843,103.415,1.0,16.15,,,Mg,,8350,2.3481058323678736,O4,Oᴿᴺᴬ,Mg²⁺-Oᴿᴺᴬ
HETATM,8332,,MG,,MG,,O,421,,,108.174,91.098,96.75,1.0,15.98,,,Mg,,8351,1.9676897621322322,OP,Oᴿᴺᴬ,Mg²⁺-Oᴿᴺᴬ
HETATM,8333,,MG,,MG,,O,422,,,114.618,95.467,126.038,1.0,17.73,,,Mg,,8352,2.4540931115179827,OP,Oᴿᴺᴬ,Mg²⁺-Oᴿᴺᴬ
HETATM,8334,,MG,,MG,,O,423,,,110.794,94.219,96.205,1.0,12.35,,,Mg,,8353,2.3724700208854115,OP,Oᴿᴺᴬ,Mg²⁺-Oᴿᴺᴬ
HETATM,8335,,MG,,MG,,O,424,,,86.574,91.259,96.406,1.0,15.9,,,Mg,,8354,2.12071733147066,OP,Oᴿᴺᴬ,Mg²⁺-Oᴿᴺᴬ
HETATM,8336,,MG,,MG,,O,425,,,89.041,99.41,105.863,1.0,27.8,,,Mg,,8355,2.4640294235256204,OP,Oᴿᴺᴬ,Mg²⁺-Oᴿᴺᴬ
HETATM,8337,,MG,,MG,,O,426,,,114.047,98.045,138.194,1.0,22.27,,,Mg,,8356,2.335897686115547,O6,Oᴿᴺᴬ,Mg²⁺-Oᴿᴺᴬ
HETATM,8338,,MG,,MG,,O,427,,,84.829,81.221,93.689,1.0,32.0,,,Mg,,8357,2.278151443605105,OP,Oᴿᴺᴬ,Mg²⁺-Oᴿᴺᴬ
HETATM,8339,,MG,,MG,,O,428,,,107.524,85.923,120.998,1.0,23.44,,,Mg,,8358,2.4629539175550903,OP,Oᴿᴺᴬ,Mg²⁺-Oᴿᴺᴬ
HETATM,8340,,MG,,MG,,O,429,,,96.838,110.756,93.87,1.0,18.41,,,Mg,,8359,2.368434715165264,N7,Nᴿᴺᴬ,Mg²⁺-Nᴿᴺᴬ
HETATM,8341,,MG,,MG,,O,430,,,86.971,92.244,110.074,1.0,21.68,,,Mg,,8360,1.885312175741715,OP,Oᴿᴺᴬ,Mg²⁺-Oᴿᴺᴬ
HETATM,8342,,MG,,MG,,O,431,,,92.881,102.314,113.643,1.0,24.21,,,Mg,,8361,2.0742704741667533,OP,Oᴿᴺᴬ,Mg²⁺-Oᴿᴺᴬ
HETATM,8343,,MG,,MG,,O,432,,,105.829,99.032,114.221,1.0,17.3,,,Mg,,8362,2.368870194839723,OP,Oᴿᴺᴬ,Mg²⁺-Oᴿᴺᴬ
HETATM,8344,,MG,,MG,,O,433,,,90.658,102.214,96.054,1.0,28.99,,,Mg,,8363,2.402192748303102,O6,Oᴿᴺᴬ,Mg²⁺-Oᴿᴺᴬ
HETATM,8345,,MG,,MG,,O,434,,,104.071,88.313,133.458,1.0,16.09,,,Mg,,8364,2.3585421344550888,OP,Oᴿᴺᴬ,Mg²⁺-Oᴿᴺᴬ
HETATM,8346,,MG,,MG,,O,435,,,83.497,75.448,105.538,1.0,16.6,,,Mg,,8365,2.3868644703878856,O6,Oᴿᴺᴬ,Mg²⁺-Oᴿᴺᴬ
HETATM,8347,,MG,,MG,,O,436,,,111.048,89.688,127.472,1.0,22.11,,,Mg,,8366,2.117958687038064,O2',Oᴿᴺᴬ,Mg²⁺-Oᴿᴺᴬ
HETATM,8348,,MG,,MG,,O,437,,,126.218,102.373,125.566,1.0,21.3,,,Mg,,8367,2.4162112904297093,OP,Oᴿᴺᴬ,Mg²⁺-Oᴿᴺᴬ
HETATM,8349,,MG,,MG,,O,438,,,89.171,86.399,108.334,1.0,14.02,,,Mg,,8368,2.2246745829446595,OP,Oᴿᴺᴬ,Mg²⁺-Oᴿᴺᴬ
HETATM,8350,,MG,,MG,,O,439,,,85.734,77.328,104.929,1.0,27.83,,,Mg,,8369,2.3089497612551004,N7,Nᴿᴺᴬ,Mg²⁺-Nᴿᴺᴬ
HETATM,8351,,MG,,MG,,O,440,,,98.594,102.747,114.828,1.0,9.81,,,Mg,,8370,2.340371551698577,OP,Oᴿᴺᴬ,Mg²⁺-Oᴿᴺᴬ
HETATM,8352,,MG,,MG,,O,441,,,120.092,102.015,136.395,1.0,16.57,,,Mg,,8371,2.4559452355457707,N1,Nᴿᴺᴬ,Mg²⁺-Nᴿᴺᴬ
HETATM,8353,,MG,,MG,,O,442,,,94.558,96.757,90.91,1.0,16.88,,,Mg,,8372,2.472118120155275,OP,Oᴿᴺᴬ,Mg²⁺-Oᴿᴺᴬ
HETATM,8354,,MG,,MG,,O,443,,,113.285,95.287,97.48,1.0,29.87,,,Mg,,8373,2.3859828163673042,OP,Oᴿᴺᴬ,Mg²⁺-Oᴿᴺᴬ
HETATM,8355,,MG,,MG,,O,444,,,77.914,73.661,103.724,1.0,19.54,,,Mg,,8374,2.470626236402422,O4,Oᴿᴺᴬ,Mg²⁺-Oᴿᴺᴬ
HETATM,8356,,MG,,MG,,O,445,,,121.331,103.982,90.889,1.0,15.61,,,Mg,,8375,2.211673122321647,O2',Oᴿᴺᴬ,Mg²⁺-Oᴿᴺᴬ
HETATM,8357,,MG,,MG,,O,446,,,114.646,92.353,94.746,1.0,14.84,,,Mg,,8376,1.8698606899980619,OP,Oᴿᴺᴬ,Mg²⁺-Oᴿᴺᴬ
HETATM,8358,,MG,,MG,,O,447,,,84.242,118.2,118.188,1.0,19.78,,,Mg,,8377,2.489114300308433,O4,Oᴿᴺᴬ,Mg²⁺-Oᴿᴺᴬ
HETATM,8359,,MG,,MG,,O,448,,,105.063,88.753,97.392,1.0,37.95,,,Mg,,8378,2.488799509803869,OP,Oᴿᴺᴬ,Mg²⁺-Oᴿᴺᴬ
HETATM,8360,,MG,,MG,,O,449,,,107.112,111.934,80.058,1.0,38.17,,,Mg,,8379,2.492743468550261,O6,Oᴿᴺᴬ,Mg²⁺-Oᴿᴺᴬ
HETATM,8361,,MG,,MG,,O,450,,,79.901,107.702,106.551,1.0,16.96,,,Mg,,8380,2.4623249176337407,O2',Oᴿᴺᴬ,Mg²⁺-Oᴿᴺᴬ
HETATM,8362,,MG,,MG,,O,451,,,110.124,112.175,101.363,1.0,15.62,,,Mg,,8381,2.2255779024783737,OP,Oᴿᴺᴬ,Mg²⁺-Oᴿᴺᴬ
HETATM,8363,,MG,,MG,,O,452,,,130.867,93.756,104.92,1.0,22.6,,,Mg,,8382,2.022264572206126,O4,Oᴿᴺᴬ,Mg²⁺-Oᴿᴺᴬ
HETATM,8364,,MG,,MG,,O,453,,,108.32,104.403,122.225,1.0,28.75,,,Mg,,8383,2.42465502700901,O2',Oᴿᴺᴬ,Mg²⁺-Oᴿᴺᴬ
HETATM,8365,,MG,,MG,,O,454,,,72.343,97.165,96.838,1.0,19.02,,,Mg,,8384,2.4790250099585496,OP,Oᴿᴺᴬ,Mg²⁺-Oᴿᴺᴬ
HETATM,8366,,MG,,MG,,O,455,,,107.073,91.924,130.743,1.0,23.36,,,Mg,,8385,2.3818627164469475,OP,Oᴿᴺᴬ,Mg²⁺-Oᴿᴺᴬ
HETATM,8367,,MG,,MG,,O,456,,,103.734,114.215,98.994,1.0,30.43,,,Mg,,8386,1.7920036272284592,O,H₂O,Mg²⁺-H₂O
HETATM,8368,,MG,,MG,,O,457,,,94.193,117.355,98.803,1.0,23.22,,,Mg,,8387,2.2742968144022098,OP,Oᴿᴺᴬ,Mg²⁺-Oᴿᴺᴬ
HETATM,8369,,MG,,MG,,O,458,,,106.461,101.256,116.218,1.0,15.71,,,Mg,,8388,2.3288995255270266,OP,Oᴿᴺᴬ,Mg²⁺-Oᴿᴺᴬ
HETATM,8370,,MG,,MG,,O,459,,,98.779,100.49,100.405,1.0,29.78,,,Mg,,8389,2.2173238374220494,O,H₂O,Mg²⁺-H₂O
HETATM,8371,,MG,,MG,,O,460,,,69.703,79.281,102.381,1.0,25.35,,,Mg,,8390,1.8010835627477149,OP,Oᴿᴺᴬ,Mg²⁺-Oᴿᴺᴬ
HETATM,8372,,MG,,MG,,O,461,,,138.018,84.807,115.901,1.0,27.3,,,Mg,,8391,2.1678221790543515,OP,Oᴿᴺᴬ,Mg²⁺-Oᴿᴺᴬ
HETATM,8373,,MG,,MG,,O,462,,,119.224,105.259,105.969,1.0,11.5,,,Mg,,8392,2.1221013170911562,OP,Oᴿᴺᴬ,Mg²⁺-Oᴿᴺᴬ
HETATM,8374,,MG,,MG,,O,463,,,104.08,118.964,122.439,1.0,9.14,,,Mg,,8393,2.2737592220813596,O2',Oᴿᴺᴬ,Mg²⁺-Oᴿᴺᴬ
HETATM,8375,,MG,,MG,,O,464,,,92.519,116.531,130.809,1.0,17.56,,,Mg,,8394,2.0580653536756275,OP,Oᴿᴺᴬ,Mg²⁺-Oᴿᴺᴬ
HETATM,8376,,MG,,MG,,O,465,,,121.561,91.405,102.891,1.0,18.75,,,Mg,,8395,2.4183188375398266,OP,Oᴿᴺᴬ,Mg²⁺-Oᴿᴺᴬ
HETATM,8377,,MG,,MG,,O,466,,,86.936,74.497,103.674,1.0,31.49,,,Mg,,8396,2.3277942348927683,OP,Oᴿᴺᴬ,Mg²⁺-Oᴿᴺᴬ
HETATM,8378,,O,,HOH,,O,467,,,83.577,93.049,95.783,1.0,15.56,,,O,,8397,2.844571320955059,O,H₂O,H₂O-H₂O
HETATM,8379,,O,,HOH,,O,468,,,105.83,98.571,101.551,1.0,24.55,,,O,,8398,2.543720503514492,O2',Oᴿᴺᴬ,H₂O-Oᴿᴺᴬ
HETATM,8380,,O,,HOH,,O,469,,,96.112,102.433,92.507,1.0,14.27,,,O,,8399,2.7900861993852475,N6,Nᴿᴺᴬ,H₂O-Nᴿᴺᴬ
HETATM,8381,,O,,HOH,,O,470,,,94.059,104.234,108.552,1.0,9.13,,,O,,8400,2.5659107544885513,O4',Oᴿᴺᴬ,H₂O-Oᴿᴺᴬ
HETATM,8382,,O,,HOH,,O,471,,,76.309,91.525,107.474,1.0,21.51,,,O,,8401,3.0366550676690363,N7,Nᴿᴺᴬ,H₂O-Nᴿᴺᴬ
HETATM,8383,,O,,HOH,,O,472,,,106.572,108.16,107.04,1.0,7.69,,,O,,8402,2.7632198609593193,O2',Oᴿᴺᴬ,H₂O-Oᴿᴺᴬ
HETATM,8384,,O,,HOH,,O,473,,,96.135,105.602,103.464,1.0,6.81,,,O,,8403,2.8282141008063713,N3,Nᴿᴺᴬ,H₂O-Nᴿᴺᴬ
HETATM,8385,,O,,HOH,,O,474,,,113.596,104.135,106.531,1.0,17.05,,,O,,8404,2.640184463252519,O2',Oᴿᴺᴬ,H₂O-Oᴿᴺᴬ
HETATM,8386,,O,,HOH,,O,475,,,92.608,108.711,94.96,1.0,10.83,,,O,,8405,2.5796203208999646,N7,Nᴿᴺᴬ,H₂O-Nᴿᴺᴬ
HETATM,8387,,O,,HOH,,O,476,,,103.454,103.595,95.77,1.0,12.51,,,O,,8406,2.5507187222428094,O4,Oᴿᴺᴬ,H₂O-Oᴿᴺᴬ
HETATM,8388,,O,,HOH,,O,477,,,84.798,94.697,97.754,1.0,20.48,,,O,,8407,2.844571320955059,O,H₂O,H₂O-H₂O
HETATM,8389,,O,,HOH,,O,478,,,104.626,101.927,91.064,1.0,18.33,,,O,,8408,2.3437514799995367,MG,Mg²⁺,H₂O-Mg²⁺
HETATM,8390,,O,,HOH,,O,479,,,99.285,104.293,111.48,1.0,8.93,,,O,,8409,2.837081951583349,OP,Oᴿᴺᴬ,H₂O-Oᴿᴺᴬ
HETATM,8391,,O,,HOH,,O,480,,,75.61,94.568,105.786,1.0,14.89,,,O,,8410,2.6639718466980833,O,H₂O,H₂O-H₂O
HETATM,8392,,O,,HOH,,O,481,,,101.578,98.787,101.127,1.0,17.56,,,O,,8411,3.0179387005040423,O3',Oᴿᴺᴬ,H₂O-Oᴿᴺᴬ
HETATM,8393,,O,,HOH,,O,482,,,95.99,90.1,102.73,1.0,6.9,,,O,,8412,2.5673864142353042,OP,Oᴿᴺᴬ,H₂O-Oᴿᴺᴬ
HETATM,8394,,O,,HOH,,O,483,,,98.233,104.173,101.67,1.0,22.54,,,O,,8413,3.0226858917194726,O2',Oᴿᴺᴬ,H₂O-Oᴿᴺᴬ
HETATM,8395,,O,,HOH,,O,484,,,120.502,104.322,122.913,1.0,7.91,,,O,,8414,2.80148067992624,OP,Oᴿᴺᴬ,H₂O-Oᴿᴺᴬ
HETATM,8396,,O,,HOH,,O,485,,,116.024,89.286,123.236,1.0,20.51,,,O,,8415,2.6034632703381875,O6,Oᴿᴺᴬ,H₂O-Oᴿᴺᴬ
HETATM,8397,,O,,HOH,,O,486,,,106.969,101.404,112.228,1.0,15.54,,,O,,8416,2.815071047060809,O,H₂O,H₂O-H₂O
HETATM,8398,,O,,HOH,,O,487,,,85.049,97.256,96.082,1.0,10.4,,,O,,8417,2.9197457081054083,O,H₂O,H₂O-H₂O
HETATM,8399,,O,,HOH,,O,488,,,86.239,101.081,95.967,1.0,11.81,,,O,,8418,2.846776949464073,N7,Nᴿᴺᴬ,H₂O-Nᴿᴺᴬ
HETATM,8400,,O,,HOH,,O,489,,,98.301,93.077,98.922,1.0,12.74,,,O,,8419,2.628925445880878,O2,Oᴿᴺᴬ,H₂O-Oᴿᴺᴬ
HETATM,8401,,O,,HOH,,O,490,,,100.091,108.953,98.646,1.0,9.73,,,O,,8420,2.5175585395378546,N7,Nᴿᴺᴬ,H₂O-Nᴿᴺᴬ
HETATM,8402,,O,,HOH,,O,491,,,104.506,107.623,93.984,1.0,15.66,,,O,,8421,2.6782176909280553,N1,Nᴿᴺᴬ,H₂O-Nᴿᴺᴬ
HETATM,8403,,O,,HOH,,O,492,,,102.937,109.831,84.638,1.0,10.33,,,O,,8422,2.7414532642377814,N2,Nᴿᴺᴬ,H₂O-Nᴿᴺᴬ
HETATM,8404,,O,,HOH,,O,493,,,106.824,98.933,110.57,1.0,11.72,,,O,,8423,2.8783147847308075,N3,Nᴿᴺᴬ,H₂O-Nᴿᴺᴬ
HETATM,8405,,O,,HOH,,O,494,,,77.358,88.907,97.082,1.0,11.99,,,O,,8424,2.629074361823946,N3,Nᴿᴺᴬ,H₂O-Nᴿᴺᴬ
HETATM,8406,,O,,HOH,,O,495,,,104.847,103.049,113.074,1.0,18.63,,,O,,8425,2.752359896525156,O6,Oᴿᴺᴬ,H₂O-Oᴿᴺᴬ
HETATM,8407,,O,,HOH,,O,496,,,106.047,105.258,99.086,1.0,12.75,,,O,,8426,3.0737197334825423,O2,Oᴿᴺᴬ,H₂O-Oᴿᴺᴬ
HETATM,8408,,O,,HOH,,O,497,,,89.804,107.927,103.564,1.0,18.29,,,O,,8427,2.559604266288054,O2,Oᴿᴺᴬ,H₂O-Oᴿᴺᴬ
HETATM,8409,,O,,HOH,,O,498,,,100.178,98.703,109.024,1.0,15.5,,,O,,8428,2.6540550107335794,OP,Oᴿᴺᴬ,H₂O-Oᴿᴺᴬ
HETATM,8410,,O,,HOH,,O,499,,,101.86,108.626,94.659,1.0,22.33,,,O,,8429,2.909114985695825,O,H₂O,H₂O-H₂O
HETATM,8411,,O,,HOH,,O,500,,,108.263,88.518,123.339,1.0,10.96,,,O,,8430,2.526141722073407,OP,Oᴿᴺᴬ,H₂O-Oᴿᴺᴬ
HETATM,8412,,O,,HOH,,O,501,,,111.449,91.754,121.025,1.0,16.05,,,O,,8431,2.766810076604468,OP,Oᴿᴺᴬ,H₂O-Oᴿᴺᴬ
HETATM,8413,,O,,HOH,,O,502,,,113.714,101.873,124.067,1.0,14.69,,,O,,8432,2.570860750799224,O2',Oᴿᴺᴬ,H₂O-Oᴿᴺᴬ
HETATM,8414,,O,,HOH,,O,503,,,99.039,114.797,112.155,1.0,15.19,,,O,,8433,2.975725961845276,O6,Oᴿᴺᴬ,H₂O-Oᴿᴺᴬ
HETATM,8415,,O,,HOH,,O,504,,,111.343,97.409,121.4,1.0,10.27,,,O,,8434,2.8694022025502206,N6,Nᴿᴺᴬ,H₂O-Nᴿᴺᴬ
HETATM,8416,,O,,HOH,,O,505,,,95.325,114.91,111.553,1.0,18.74,,,O,,8435,2.8266182975421343,O4,Oᴿᴺᴬ,H₂O-Oᴿᴺᴬ
HETATM,8417,,O,,HOH,,O,506,,,89.016,101.329,98.017,1.0,17.25,,,O,,8436,2.6503377143300133,O4,Oᴿᴺᴬ,H₂O-Oᴿᴺᴬ
HETATM,8418,,O,,HOH,,O,507,,,89.302,98.88,102.089,1.0,13.29,,,O,,8437,2.8169694709030764,OP,Oᴿᴺᴬ,H₂O-Oᴿᴺᴬ
HETATM,8419,,O,,HOH,,O,508,,,88.565,95.688,97.554,1.0,19.16,,,O,,8438,2.831948269301546,OP,Oᴿᴺᴬ,H₂O-Oᴿᴺᴬ
HETATM,8420,,O,,HOH,,O,509,,,105.53,86.0,130.101,1.0,16.0,,,O,,8439,2.596015793480459,N6,Nᴿᴺᴬ,H₂O-Nᴿᴺᴬ
HETATM,8421,,O,,HOH,,O,510,,,111.464,104.685,132.437,1.0,29.52,,,O,,8440,3.2232128381476786,OP,Oᴿᴺᴬ,H₂O-Oᴿᴺᴬ
HETATM,8422,,O,,HOH,,O,511,,,97.07,96.244,99.074,1.0,15.4,,,O,,8441,2.8267815621303325,O2',Oᴿᴺᴬ,H₂O-Oᴿᴺᴬ
HETATM,8423,,O,,HOH,,O,512,,,105.038,108.225,116.51,1.0,14.22,,,O,,8442,2.546738502477239,OP,Oᴿᴺᴬ,H₂O-Oᴿᴺᴬ
HETATM,8424,,O,,HOH,,O,513,,,90.411,92.99,105.021,1.0,17.1,,,O,,8443,3.1695608528627397,OP,Oᴿᴺᴬ,H₂O-Oᴿᴺᴬ
HETATM,8425,,O,,HOH,,O,514,,,121.113,97.244,117.99,1.0,28.55,,,O,,8444,2.540592647395489,OP,Oᴿᴺᴬ,H₂O-Oᴿᴺᴬ
HETATM,8426,,O,,HOH,,O,515,,,89.584,106.743,94.541,1.0,20.59,,,O,,8445,2.8482917687624636,N4,Nᴿᴺᴬ,H₂O-Nᴿᴺᴬ
HETATM,8427,,O,,HOH,,O,516,,,105.564,94.083,103.728,1.0,14.57,,,O,,8446,2.8592343380702463,O,H₂O,H₂O-H₂O
HETATM,8428,,O,,HOH,,O,517,,,86.116,101.741,106.519,1.0,20.13,,,O,,8447,2.6521594974661618,OP,Oᴿᴺᴬ,H₂O-Oᴿᴺᴬ
HETATM,8429,,O,,HOH,,O,518,,,100.538,111.63,114.036,1.0,17.18,,,O,,8448,2.674283829364416,O6,Oᴿᴺᴬ,H₂O-Oᴿᴺᴬ
HETATM,8430,,O,,HOH,,O,519,,,102.346,92.476,93.363,1.0,15.52,,,O,,8449,2.9103836516858004,O2',Oᴿᴺᴬ,H₂O-Oᴿᴺᴬ
HETATM,8431,,O,,HOH,,O,520,,,73.832,99.019,103.637,1.0,12.32,,,O,,8450,3.1606375939041094,OP,Oᴿᴺᴬ,H₂O-Oᴿᴺᴬ
HETATM,8432,,O,,HOH,,O,521,,,94.148,115.984,102.394,1.0,18.02,,,O,,8451,2.655843745403697,O2',Oᴿᴺᴬ,H₂O-Oᴿᴺᴬ
HETATM,8433,,O,,HOH,,O,522,,,114.847,85.734,121.588,1.0,21.6,,,O,,8452,3.180085218983912,O,H₂O,H₂O-H₂O
HETATM,8434,,O,,HOH,,O,523,,,112.618,91.202,114.479,1.0,19.66,,,O,,8453,2.71013966429777,N1,Nᴿᴺᴬ,H₂O-Nᴿᴺᴬ
HETATM,8435,,O,,HOH,,O,524,,,75.857,98.178,95.309,1.0,14.23,,,O,,8454,2.793521612588672,O2,Oᴿᴺᴬ,H₂O-Oᴿᴺᴬ
HETATM,8436,,O,,HOH,,O,525,,,112.973,100.236,98.83,1.0,18.03,,,O,,8455,2.526499950524445,OP,Oᴿᴺᴬ,H₂O-Oᴿᴺᴬ
HETATM,8437,,O,,HOH,,O,526,,,91.94,104.232,111.546,1.0,22.8,,,O,,8456,2.820958702285454,O2',Oᴿᴺᴬ,H₂O-Oᴿᴺᴬ
HETATM,8438,,O,,HOH,,O,527,,,108.765,89.458,129.306,1.0,19.86,,,O,,8457,2.8643278443641798,N4,Nᴿᴺᴬ,H₂O-Nᴿᴺᴬ
HETATM,8439,,O,,HOH,,O,528,,,100.149,102.221,100.197,1.0,21.96,,,O,,8458,2.2173238374220494,MG,Mg²⁺,H₂O-Mg²⁺
HETATM,8440,,O,,HOH,,O,529,,,118.781,87.838,129.077,1.0,23.56,,,O,,8459,2.5422084886964096,O2',Oᴿᴺᴬ,H₂O-Oᴿᴺᴬ
HETATM,8441,,O,,HOH,,O,530,,,86.986,87.075,95.69,1.0,13.89,,,O,,8460,2.9671889053445892,OP,Oᴿᴺᴬ,H₂O-Oᴿᴺᴬ
HETATM,8442,,O,,HOH,,O,531,,,91.962,114.434,109.677,1.0,12.9,,,O,,8461,2.5440088443242495,N7,Nᴿᴺᴬ,H₂O-Nᴿᴺᴬ
HETATM,8443,,O,,HOH,,O,532,,,125.138,92.162,127.795,1.0,35.35,,,O,,8462,2.512258147563665,O,H₂O,H₂O-H₂O
HETATM,8444,,O,,HOH,,O,533,,,116.138,94.378,135.732,1.0,25.46,,,O,,8463,2.531164554113388,O2',Oᴿᴺᴬ,H₂O-Oᴿᴺᴬ
HETATM,8445,,O,,HOH,,O,534,,,106.68,116.517,104.049,1.0,16.15,,,O,,8464,2.5432846871712833,OP,Oᴿᴺᴬ,H₂O-Oᴿᴺᴬ
HETATM,8446,,O,,HOH,,O,535,,,91.802,110.725,120.682,1.0,16.85,,,O,,8465,3.0578438482041657,N3,Nᴿᴺᴬ,H₂O-Nᴿᴺᴬ
HETATM,8447,,O,,HOH,,O,536,,,109.414,82.018,123.414,1.0,23.93,,,O,,8466,2.9512209337831745,N6,Nᴿᴺᴬ,H₂O-Nᴿᴺᴬ
HETATM,8448,,O,,HOH,,O,537,,,94.833,116.58,114.593,1.0,23.01,,,O,,8467,2.9229934998217124,N6,Nᴿᴺᴬ,H₂O-Nᴿᴺᴬ
HETATM,8449,,O,,HOH,,O,538,,,82.523,100.941,106.315,1.0,20.71,,,O,,8468,3.1820982071582917,OP,Oᴿᴺᴬ,H₂O-Oᴿᴺᴬ
HETATM,8450,,O,,HOH,,O,539,,,100.869,111.409,96.828,1.0,25.87,,,O,,8469,2.550911405752851,OP,Oᴿᴺᴬ,H₂O-Oᴿᴺᴬ
HETATM,8451,,O,,HOH,,O,540,,,115.115,106.429,115.098,1.0,17.57,,,O,,8470,2.947307584898464,N3,Nᴿᴺᴬ,H₂O-Nᴿᴺᴬ
HETATM,8452,,O,,HOH,,O,541,,,88.262,109.388,95.569,1.0,15.06,,,O,,8471,2.995717943999393,OP,Oᴿᴺᴬ,H₂O-Oᴿᴺᴬ
HETATM,8453,,O,,HOH,,O,542,,,77.809,100.494,104.656,1.0,13.1,,,O,,8472,3.1308027724531007,O5',Oᴿᴺᴬ,H₂O-Oᴿᴺᴬ
HETATM,8454,,O,,HOH,,O,543,,,111.866,93.696,123.962,1.0,22.74,,,O,,8473,3.174040642461902,OP,Oᴿᴺᴬ,H₂O-Oᴿᴺᴬ
HETATM,8455,,O,,HOH,,O,544,,,115.655,88.976,134.808,1.0,17.68,,,O,,8474,2.9941366034301042,O2',Oᴿᴺᴬ,H₂O-Oᴿᴺᴬ
HETATM,8456,,O,,HOH,,O,545,,,103.458,95.522,105.02,1.0,15.4,,,O,,8475,2.827571042431998,OP,Oᴿᴺᴬ,H₂O-Oᴿᴺᴬ
HETATM,8457,,O,,HOH,,O,546,,,113.882,104.026,136.855,1.0,37.28,,,O,,8476,2.6317163600965814,O4,Oᴿᴺᴬ,H₂O-Oᴿᴺᴬ
HETATM,8458,,O,,HOH,,O,547,,,86.343,84.047,97.942,1.0,30.23,,,O,,8477,2.8529454954485236,O5',Oᴿᴺᴬ,H₂O-Oᴿᴺᴬ
HETATM,8459,,O,,HOH,,O,548,,,87.716,106.369,111.194,1.0,35.4,,,O,,8478,2.70973891731288,O2',Oᴿᴺᴬ,H₂O-Oᴿᴺᴬ
HETATM,8460,,O,,HOH,,O,549,,,114.264,103.051,102.366,1.0,22.99,,,O,,8479,2.5335605380570705,OP,Oᴿᴺᴬ,H₂O-Oᴿᴺᴬ
HETATM,8461,,O,,HOH,,O,550,,,85.793,91.73,93.12,1.0,23.94,,,O,,8480,2.837753512904174,OP,Oᴿᴺᴬ,H₂O-Oᴿᴺᴬ
HETATM,8462,,O,,HOH,,O,551,,,122.283,104.995,126.443,1.0,39.82,,,O,,8481,2.9412992027333873,O2',Oᴿᴺᴬ,H₂O-Oᴿᴺᴬ
HETATM,8463,,O,,HOH,,O,552,,,109.885,110.336,108.969,1.0,14.5,,,O,,8482,2.68380345778152,O,H₂O,H₂O-H₂O
HETATM,8464,,O,,HOH,,O,553,,,119.266,95.546,110.227,1.0,15.07,,,O,,8483,2.6909853214018025,OP,Oᴿᴺᴬ,H₂O-Oᴿᴺᴬ
HETATM,8465,,O,,HOH,,O,554,,,108.395,112.566,108.87,1.0,15.98,,,O,,8484,2.564531926102691,OP,Oᴿᴺᴬ,H₂O-Oᴿᴺᴬ
HETATM,8466,,O,,HOH,,O,555,,,122.964,92.213,126.537,1.0,22.87,,,O,,8485,2.512258147563665,O,H₂O,H₂O-H₂O
HETATM,8467,,O,,HOH,,O,556,,,104.538,94.377,89.187,1.0,19.23,,,O,,8486,2.7091077867076487,OP,Oᴿᴺᴬ,H₂O-Oᴿᴺᴬ
HETATM,8468,,O,,HOH,,O,557,,,103.786,91.312,100.439,1.0,18.6,,,O,,8487,2.5703307180205353,OP,Oᴿᴺᴬ,H₂O-Oᴿᴺᴬ
HETATM,8469,,O,,HOH,,O,558,,,84.027,94.913,89.41,1.0,33.74,,,O,,8488,2.5620376656091497,OP,Oᴿᴺᴬ,H₂O-Oᴿᴺᴬ
HETATM,8470,,O,,HOH,,O,559,,,109.455,93.848,119.198,1.0,25.43,,,O,,8489,2.781685100797707,O2',Oᴿᴺᴬ,H₂O-Oᴿᴺᴬ
HETATM,8471,,O,,HOH,,O,560,,,110.092,90.763,116.698,1.0,25.9,,,O,,8490,3.1551457969482177,O4',Oᴿᴺᴬ,H₂O-Oᴿᴺᴬ
HETATM,8472,,O,,HOH,,O,561,,,115.573,109.287,91.574,1.0,12.14,,,O,,8491,2.932749904100251,O2',Oᴿᴺᴬ,H₂O-Oᴿᴺᴬ
HETATM,8473,,O,,HOH,,O,562,,,81.293,92.632,88.349,1.0,18.63,,,O,,8492,2.5566765536531983,OP,Oᴿᴺᴬ,H₂O-Oᴿᴺᴬ
HETATM,8474,,O,,HOH,,O,563,,,84.331,107.856,108.2,1.0,18.37,,,O,,8493,2.5016372638734,O2',Oᴿᴺᴬ,H₂O-Oᴿᴺᴬ
HETATM,8475,,O,,HOH,,O,564,,,94.03,97.579,111.806,1.0,18.28,,,O,,8494,2.7293202450427017,OP,Oᴿᴺᴬ,H₂O-Oᴿᴺᴬ
HETATM,8476,,O,,HOH,,O,565,,,115.97,86.228,118.024,1.0,17.12,,,O,,8495,2.857963435735307,O2',Oᴿᴺᴬ,H₂O-Oᴿᴺᴬ
HETATM,8477,,O,,HOH,,O,566,,,95.376,91.308,90.948,1.0,22.62,,,O,,8496,2.852312921122089,N7,Nᴿᴺᴬ,H₂O-Nᴿᴺᴬ
HETATM,8478,,O,,HOH,,O,567,,,87.136,103.478,93.889,1.0,22.25,,,O,,8497,2.94419123020228,O4,Oᴿᴺᴬ,H₂O-Oᴿᴺᴬ
HETATM,8479,,O,,HOH,,O,568,,,103.499,105.395,115.444,1.0,15.59,,,O,,8498,2.6818875815365573,N4,Nᴿᴺᴬ,H₂O-Nᴿᴺᴬ
HETATM,8480,,O,,HOH,,O,569,,,78.018,95.707,105.817,1.0,22.73,,,O,,8499,2.6639718466980833,O,H₂O,H₂O-H₂O
HETATM,8481,,O,,HOH,,O,570,,,95.381,116.913,108.854,1.0,17.22,,,O,,8500,2.713726036282957,OP,Oᴿᴺᴬ,H₂O-Oᴿᴺᴬ
HETATM,8482,,O,,HOH,,O,571,,,78.24,104.31,97.402,1.0,27.05,,,O,,8501,2.879466790918077,O2,Oᴿᴺᴬ,H₂O-Oᴿᴺᴬ
HETATM,8483,,O,,HOH,,O,572,,,100.211,115.951,92.46,1.0,16.32,,,O,,8502,2.717079866327081,OP,Oᴿᴺᴬ,H₂O-Oᴿᴺᴬ
HETATM,8484,,O,,HOH,,O,573,,,89.148,93.943,101.508,1.0,29.32,,,O,,8503,2.810785655292839,OP,Oᴿᴺᴬ,H₂O-Oᴿᴺᴬ
HETATM,8485,,O,,HOH,,O,574,,,125.419,97.646,118.718,1.0,25.63,,,O,,8504,2.87132269172241,O,H₂O,H₂O-H₂O
HETATM,8486,,O,,HOH,,O,575,,,100.43,107.874,85.355,1.0,14.76,,,O,,8505,2.739500866946387,O2,Oᴿᴺᴬ,H₂O-Oᴿᴺᴬ
HETATM,8487,,O,,HOH,,O,576,,,134.898,84.245,107.391,1.0,24.41,,,O,,8506,3.2278918817085516,N2,Nᴿᴺᴬ,H₂O-Nᴿᴺᴬ
HETATM,8488,,O,,HOH,,O,577,,,89.088,98.532,95.722,1.0,20.48,,,O,,8507,2.5620636213802372,O,H₂O,H₂O-H₂O
HETATM,8489,,O,,HOH,,O,578,,,116.266,102.704,105.634,1.0,31.5,,,O,,8508,3.159314799129718,O,H₂O,H₂O-H₂O
HETATM,8490,,O,,HOH,,O,579,,,110.465,101.449,122.436,1.0,16.81,,,O,,8509,3.088397966583972,O2',Oᴿᴺᴬ,H₂O-Oᴿᴺᴬ
HETATM,8491,,O,,HOH,,O,580,,,118.976,88.429,117.32,1.0,21.68,,,O,,8510,2.996768593001468,O4,Oᴿᴺᴬ,H₂O-Oᴿᴺᴬ
HETATM,8492,,O,,HOH,,O,581,,,71.387,85.705,101.193,1.0,14.62,,,O,,8511,3.079803565164508,O3',Oᴿᴺᴬ,H₂O-Oᴿᴺᴬ
HETATM,8493,,O,,HOH,,O,582,,,90.519,91.483,95.159,1.0,22.13,,,O,,8512,3.029649814747572,OP,Oᴿᴺᴬ,H₂O-Oᴿᴺᴬ
HETATM,8494,,O,,HOH,,O,583,,,100.519,101.193,110.872,1.0,13.01,,,O,,8513,2.796828739840891,N7,Nᴿᴺᴬ,H₂O-Nᴿᴺᴬ
HETATM,8495,,O,,HOH,,O,584,,,107.296,102.181,86.491,1.0,25.18,,,O,,8514,2.525172667363558,O4,Oᴿᴺᴬ,H₂O-Oᴿᴺᴬ
HETATM,8496,,O,,HOH,,O,585,,,84.716,95.605,93.697,1.0,22.64,,,O,,8515,2.8352555440383194,OP,Oᴿᴺᴬ,H₂O-Oᴿᴺᴬ
HETATM,8497,,O,,HOH,,O,586,,,113.777,97.467,99.105,1.0,8.3,,,O,,8516,2.76316648068841,MG,Mg²⁺,H₂O-Mg²⁺
HETATM,8498,,O,,HOH,,O,587,,,122.046,93.891,117.186,1.0,13.42,,,O,,8517,3.046765333923839,OP,Oᴿᴺᴬ,H₂O-Oᴿᴺᴬ
HETATM,8499,,O,,HOH,,O,588,,,110.471,99.063,124.488,1.0,28.21,,,O,,8518,3.1470201778825553,O,H₂O,H₂O-H₂O
HETATM,8500,,O,,HOH,,O,589,,,114.073,96.425,102.653,1.0,21.83,,,O,,8519,2.9032855526110373,N3,Nᴿᴺᴬ,H₂O-Nᴿᴺᴬ
HETATM,8501,,O,,HOH,,O,590,,,78.016,98.91,89.442,1.0,11.81,,,O,,8520,2.7794235013757866,O2',Oᴿᴺᴬ,H₂O-Oᴿᴺᴬ
HETATM,8502,,O,,HOH,,O,591,,,94.732,77.631,115.896,1.0,26.24,,,O,,8521,2.5316583497778717,N4,Nᴿᴺᴬ,H₂O-Nᴿᴺᴬ
HETATM,8503,,O,,HOH,,O,592,,,96.528,128.513,131.209,1.0,15.7,,,O,,8522,2.886469469784859,OP,Oᴿᴺᴬ,H₂O-Oᴿᴺᴬ
HETATM,8504,,O,,HOH,,O,593,,,94.791,93.684,108.637,1.0,25.17,,,O,,8523,3.060911792260603,OP,Oᴿᴺᴬ,H₂O-Oᴿᴺᴬ
HETATM,8505,,O,,HOH,,O,594,,,91.57,107.237,115.886,1.0,18.58,,,O,,8524,2.7055443075285317,O2',Oᴿᴺᴬ,H₂O-Oᴿᴺᴬ
HETATM,8506,,O,,HOH,,O,595,,,111.155,115.656,92.952,1.0,22.17,,,O,,8525,2.9403443675868988,O2',Oᴿᴺᴬ,H₂O-Oᴿᴺᴬ
HETATM,8507,,O,,HOH,,O,596,,,71.409,83.202,103.194,1.0,17.57,,,O,,8526,3.204605123880323,O,H₂O,H₂O-H₂O
HETATM,8508,,O,,HOH,,O,597,,,122.178,90.963,115.868,1.0,24.08,,,O,,8527,3.19170597016705,OP,Oᴿᴺᴬ,H₂O-Oᴿᴺᴬ
HETATM,8509,,O,,HOH,,O,598,,,85.519,108.468,104.603,1.0,18.44,,,O,,8528,3.0811650393966272,O2',Oᴿᴺᴬ,H₂O-Oᴿᴺᴬ
HETATM,8510,,O,,HOH,,O,599,,,97.459,77.866,122.032,1.0,21.18,,,O,,8529,3.092535852662021,N7,Nᴿᴺᴬ,H₂O-Nᴿᴺᴬ
HETATM,8511,,O,,HOH,,O,600,,,96.306,104.711,88.038,1.0,12.62,,,O,,8530,3.0650921682716246,N3,Nᴿᴺᴬ,H₂O-Nᴿᴺᴬ
HETATM,8512,,O,,HOH,,O,601,,,119.146,88.255,126.35,1.0,26.71,,,O,,8531,2.5475117271565217,OP,Oᴿᴺᴬ,H₂O-Oᴿᴺᴬ
HETATM,8513,,O,,HOH,,O,602,,,98.749,92.261,103.503,1.0,20.19,,,O,,8532,3.0825336981126354,N3,Nᴿᴺᴬ,H₂O-Nᴿᴺᴬ
HETATM,8514,,O,,HOH,,O,603,,,100.604,107.091,118.246,1.0,17.82,,,O,,8533,2.7650882445231204,OP,Oᴿᴺᴬ,H₂O-Oᴿᴺᴬ
HETATM,8515,,O,,HOH,,O,604,,,74.619,74.559,105.109,1.0,14.63,,,O,,8534,2.980347966261662,OP,Oᴿᴺᴬ,H₂O-Oᴿᴺᴬ
HETATM,8516,,O,,HOH,,O,605,,,110.531,89.728,113.22,1.0,13.26,,,O,,8535,2.8483900716018455,O,H₂O,H₂O-H₂O
HETATM,8517,,O,,HOH,,O,606,,,86.534,112.999,94.723,1.0,29.29,,,O,,8536,2.6891963483539087,OP,Oᴿᴺᴬ,H₂O-Oᴿᴺᴬ
HETATM,8518,,O,,HOH,,O,607,,,90.643,93.087,108.601,1.0,23.65,,,O,,8537,3.474697972486242,OP,Oᴿᴺᴬ,H₂O-Oᴿᴺᴬ
HETATM,8519,,O,,HOH,,O,608,,,106.85,104.981,77.857,1.0,16.49,,,O,,8538,2.788497265553609,OP,Oᴿᴺᴬ,H₂O-Oᴿᴺᴬ
HETATM,8520,,O,,HOH,,O,609,,,90.501,116.167,101.079,1.0,11.48,,,O,,8539,3.3947597853161775,OP,Oᴿᴺᴬ,H₂O-Oᴿᴺᴬ
HETATM,8521,,O,,HOH,,O,610,,,115.334,107.905,102.394,1.0,17.02,,,O,,8540,2.7649828209231293,OP,Oᴿᴺᴬ,H₂O-Oᴿᴺᴬ
HETATM,8522,,O,,HOH,,O,611,,,79.917,81.798,88.87,1.0,24.3,,,O,,8541,2.9666738951222715,N7,Nᴿᴺᴬ,H₂O-Nᴿᴺᴬ
HETATM,8523,,O,,HOH,,O,612,,,89.113,100.328,93.895,1.0,15.64,,,O,,8542,2.5620636213802372,O,H₂O,H₂O-H₂O
HETATM,8524,,O,,HOH,,O,613,,,103.463,99.192,109.377,1.0,20.02,,,O,,8543,2.67773280967315,O4,Oᴿᴺᴬ,H₂O-Oᴿᴺᴬ
HETATM,8525,,O,,HOH,,O,614,,,81.507,86.558,116.177,1.0,15.98,,,O,,8544,2.947097894539644,N3,Nᴿᴺᴬ,H₂O-Nᴿᴺᴬ
HETATM,8526,,O,,HOH,,O,615,,,123.751,89.107,103.869,1.0,13.98,,,O,,8545,2.9510835298242655,N6,Nᴿᴺᴬ,H₂O-Nᴿᴺᴬ
HETATM,8527,,O,,HOH,,O,616,,,86.678,106.868,93.099,1.0,17.52,,,O,,8546,2.5721065296756342,OP,Oᴿᴺᴬ,H₂O-Oᴿᴺᴬ
HETATM,8528,,O,,HOH,,O,617,,,114.63,112.996,90.773,1.0,16.15,,,O,,8547,2.6373566311744816,OP,Oᴿᴺᴬ,H₂O-Oᴿᴺᴬ
HETATM,8529,,O,,HOH,,O,618,,,122.092,100.46,118.446,1.0,16.21,,,O,,8548,2.72434909657334,OP,Oᴿᴺᴬ,H₂O-Oᴿᴺᴬ
HETATM,8530,,O,,HOH,,O,619,,,105.679,101.512,83.99,1.0,14.07,,,O,,8549,3.0524172388453112,O,H₂O,H₂O-H₂O
HETATM,8531,,O,,HOH,,O,620,,,123.138,97.197,112.78,1.0,21.55,,,O,,8550,2.6458535484792005,OP,Oᴿᴺᴬ,H₂O-Oᴿᴺᴬ
HETATM,8532,,O,,HOH,,O,621,,,87.803,84.334,112.06,1.0,25.28,,,O,,8551,2.6924124869714867,OP,Oᴿᴺᴬ,H₂O-Oᴿᴺᴬ
HETATM,8533,,O,,HOH,,O,622,,,89.971,83.96,106.117,1.0,18.21,,,O,,8552,2.7500309089172075,OP,Oᴿᴺᴬ,H₂O-Oᴿᴺᴬ
HETATM,8534,,O,,HOH,,O,623,,,107.521,88.062,139.111,1.0,17.7,,,O,,8553,2.909252137577628,N7,Nᴿᴺᴬ,H₂O-Nᴿᴺᴬ
HETATM,8535,,O,,HOH,,O,624,,,83.718,109.401,101.921,1.0,13.21,,,O,,8554,3.3127443306117037,O4',Oᴿᴺᴬ,H₂O-Oᴿᴺᴬ
HETATM,8536,,O,,HOH,,O,625,,,106.822,91.372,105.455,1.0,21.53,,,O,,8555,3.0973068947070868,O5',Oᴿᴺᴬ,H₂O-Oᴿᴺᴬ
HETATM,8537,,O,,HOH,,O,626,,,83.17,93.913,108.43,1.0,24.86,,,O,,8556,2.5680188862233817,N7,Nᴿᴺᴬ,H₂O-Nᴿᴺᴬ
HETATM,8538,,O,,HOH,,O,627,,,75.662,101.914,96.262,1.0,23.41,,,O,,8557,3.0874567203444245,N2,Nᴿᴺᴬ,H₂O-Nᴿᴺᴬ
HETATM,8539,,O,,HOH,,O,628,,,100.035,113.68,94.413,1.0,18.59,,,O,,8558,2.7471863788247055,OP,Oᴿᴺᴬ,H₂O-Oᴿᴺᴬ
HETATM,8540,,O,,HOH,,O,629,,,112.934,81.218,122.162,1.0,16.26,,,O,,8559,2.643659963005833,OP,Oᴿᴺᴬ,H₂O-Oᴿᴺᴬ
HETATM,8541,,O,,HOH,,O,630,,,89.012,82.323,98.188,1.0,18.46,,,O,,8560,3.1868876666741803,O,H₂O,H₂O-H₂O
HETATM,8542,,O,,HOH,,O,631,,,88.467,125.865,128.494,1.0,17.82,,,O,,8561,2.5842480531094463,O4',Oᴿᴺᴬ,H₂O-Oᴿᴺᴬ
HETATM,8543,,O,,HOH,,O,632,,,95.651,99.352,113.573,1.0,23.97,,,O,,8562,2.982190302445504,O,H₂O,H₂O-H₂O
HETATM,8544,,O,,HOH,,O,633,,,128.991,89.588,97.445,1.0,21.23,,,O,,8563,3.002801525242729,O2,Oᴿᴺᴬ,H₂O-Oᴿᴺᴬ
HETATM,8545,,O,,HOH,,O,634,,,125.776,101.367,135.893,1.0,27.19,,,O,,8564,3.0775893163318586,N4,Nᴿᴺᴬ,H₂O-Nᴿᴺᴬ
HETATM,8546,,O,,HOH,,O,635,,,73.626,84.389,114.048,1.0,14.08,,,O,,8565,3.214903731062565,OP,Oᴿᴺᴬ,H₂O-Oᴿᴺᴬ
HETATM,8547,,O,,HOH,,O,636,,,118.128,101.902,139.184,1.0,24.35,,,O,,8566,3.413002490476666,MG,Mg²⁺,H₂O-Mg²⁺
HETATM,8548,,O,,HOH,,O,637,,,74.377,94.664,111.541,1.0,16.09,,,O,,8567,3.331769649900791,N4,Nᴿᴺᴬ,H₂O-Nᴿᴺᴬ
HETATM,8549,,O,,HOH,,O,638,,,83.227,106.622,110.579,1.0,20.43,,,O,,8568,2.7795368319200264,OP,Oᴿᴺᴬ,H₂O-Oᴿᴺᴬ
HETATM,8550,,O,,HOH,,O,639,,,116.946,111.252,87.699,1.0,12.13,,,O,,8569,2.9032778027601776,O,H₂O,H₂O-H₂O
HETATM,8551,,O,,HOH,,O,640,,,106.772,100.484,124.572,1.0,8.4,,,O,,8570,3.0946162928544103,O2',Oᴿᴺᴬ,H₂O-Oᴿᴺᴬ
HETATM,8552,,O,,HOH,,O,641,,,72.803,78.532,97.128,1.0,20.58,,,O,,8571,2.579087823242941,N7,Nᴿᴺᴬ,H₂O-Nᴿᴺᴬ
HETATM,8553,,O,,HOH,,O,642,,,92.442,72.676,119.451,1.0,32.41,,,O,,8572,2.8907998893039966,N7,Nᴿᴺᴬ,H₂O-Nᴿᴺᴬ
HETATM,8554,,O,,HOH,,O,643,,,96.375,99.219,90.109,1.0,14.46,,,O,,8573,3.1228445366364173,O2',Oᴿᴺᴬ,H₂O-Oᴿᴺᴬ
HETATM,8555,,O,,HOH,,O,644,,,113.515,111.136,98.644,1.0,14.16,,,O,,8574,2.8867429743570816,OP,Oᴿᴺᴬ,H₂O-Oᴿᴺᴬ
HETATM,8556,,O,,HOH,,O,645,,,130.499,89.417,125.224,1.0,30.15,,,O,,8575,2.8651893480187374,O4,Oᴿᴺᴬ,H₂O-Oᴿᴺᴬ
HETATM,8557,,O,,HOH,,O,646,,,106.109,115.68,94.965,1.0,23.97,,,O,,8576,2.9967857781296376,OP,Oᴿᴺᴬ,H₂O-Oᴿᴺᴬ
HETATM,8558,,O,,HOH,,O,647,,,114.436,110.873,89.108,1.0,10.36,,,O,,8577,2.704993530491326,O,H₂O,H₂O-H₂O
HETATM,8559,,O,,HOH,,O,648,,,77.087,82.883,87.182,1.0,19.1,,,O,,8578,3.230720972167045,N4,Nᴿᴺᴬ,H₂O-Nᴿᴺᴬ
HETATM,8560,,O,,HOH,,O,649,,,103.048,115.835,98.653,1.0,18.86,,,O,,8579,1.7920036272284592,MG,Mg²⁺,H₂O-Mg²⁺
HETATM,8561,,O,,HOH,,O,650,,,79.067,106.692,99.939,1.0,39.17,,,O,,8580,3.368514509394311,N2,Nᴿᴺᴬ,H₂O-Nᴿᴺᴬ
HETATM,8562,,O,,HOH,,O,651,,,82.798,80.969,90.827,1.0,21.64,,,O,,8581,3.331240159460149,OP,Oᴿᴺᴬ,H₂O-Oᴿᴺᴬ
HETATM,8563,,O,,HOH,,O,652,,,92.578,117.984,103.585,1.0,20.35,,,O,,8582,2.767539882278122,OP,Oᴿᴺᴬ,H₂O-Oᴿᴺᴬ
HETATM,8564,,O,,HOH,,O,653,,,100.972,88.286,117.999,1.0,15.31,,,O,,8583,2.9328943042666884,O2',Oᴿᴺᴬ,H₂O-Oᴿᴺᴬ
HETATM,8565,,O,,HOH,,O,654,,,123.559,84.412,103.887,1.0,16.81,,,O,,8584,3.1465541469995406,O4,Oᴿᴺᴬ,H₂O-Oᴿᴺᴬ
HETATM,8566,,O,,HOH,,O,655,,,95.722,121.071,115.593,1.0,13.75,,,O,,8585,2.6324942545046577,OP,Oᴿᴺᴬ,H₂O-Oᴿᴺᴬ
HETATM,8567,,O,,HOH,,O,656,,,84.887,113.663,113.598,1.0,15.76,,,O,,8586,3.052520761600161,OP,Oᴿᴺᴬ,H₂O-Oᴿᴺᴬ
HETATM,8568,,O,,HOH,,O,657,,,87.2,113.481,102.566,1.0,24.95,,,O,,8587,2.9165421306746033,O2',Oᴿᴺᴬ,H₂O-Oᴿᴺᴬ
HETATM,8569,,O,,HOH,,O,658,,,121.811,89.023,121.296,1.0,38.47,,,O,,8588,3.220830172486591,C4,Cᴿᴺᴬ,H₂O-Cᴿᴺᴬ
HETATM,8570,,O,,HOH,,O,659,,,80.009,69.471,108.554,1.0,18.19,,,O,,8589,2.6271332284450337,OP,Oᴿᴺᴬ,H₂O-Oᴿᴺᴬ
HETATM,8571,,O,,HOH,,O,660,,,101.789,91.884,110.286,1.0,15.66,,,O,,8590,3.164357122702816,OP,Oᴿᴺᴬ,H₂O-Oᴿᴺᴬ
HETATM,8572,,O,,HOH,,O,661,,,89.937,98.483,90.362,1.0,25.01,,,O,,8591,3.2987724989759557,OP,Oᴿᴺᴬ,H₂O-Oᴿᴺᴬ
HETATM,8573,,O,,HOH,,O,662,,,102.308,115.835,95.666,1.0,15.52,,,O,,8592,2.9355745604566046,OP,Oᴿᴺᴬ,H₂O-Oᴿᴺᴬ
HETATM,8574,,O,,HOH,,O,663,,,79.147,81.457,118.698,1.0,18.66,,,O,,8593,2.742904664766896,O2',Oᴿᴺᴬ,H₂O-Oᴿᴺᴬ
HETATM,8575,,O,,HOH,,O,664,,,129.922,100.725,124.811,1.0,19.54,,,O,,8594,3.339398448822778,C8,Cᴿᴺᴬ,H₂O-Cᴿᴺᴬ
HETATM,8576,,O,,HOH,,O,665,,,104.071,124.615,79.49,1.0,12.91,,,O,,8595,2.9332584270738904,N7,Nᴿᴺᴬ,H₂O-Nᴿᴺᴬ
HETATM,8577,,O,,HOH,,O,666,,,80.52,96.725,113.35,1.0,22.41,,,O,,8596,2.912692568741164,OP,Oᴿᴺᴬ,H₂O-Oᴿᴺᴬ
HETATM,8578,,O,,HOH,,O,667,,,135.234,97.393,97.345,1.0,19.78,,,O,,8597,2.8095020911186475,N7,Nᴿᴺᴬ,H₂O-Nᴿᴺᴬ
HETATM,8579,,O,,HOH,,O,668,,,127.398,111.362,92.94,1.0,30.8,,,O,,8598,2.5085677188387896,OP,Oᴿᴺᴬ,H₂O-Oᴿᴺᴬ
HETATM,8580,,O,,HOH,,O,669,,,109.82,90.044,93.012,1.0,20.58,,,O,,8599,2.831493422206729,OP,Oᴿᴺᴬ,H₂O-Oᴿᴺᴬ
HETATM,8581,,O,,HOH,,O,670,,,103.448,96.357,114.525,1.0,19.16,,,O,,8600,2.7924756041906713,OP,Oᴿᴺᴬ,H₂O-Oᴿᴺᴬ
HETATM,8582,,O,,HOH,,O,671,,,99.176,113.546,117.033,1.0,33.36,,,O,,8601,3.027938902950325,OP,Oᴿᴺᴬ,H₂O-Oᴿᴺᴬ
HETATM,8583,,O,,HOH,,O,672,,,109.805,86.975,111.562,1.0,24.41,,,O,,8602,3.2947001381005836,O,H₂O,H₂O-H₂O
HETATM,8584,,O,,HOH,,O,673,,,99.155,126.99,133.607,1.0,20.51,,,O,,8603,3.1147227806018227,N7,Nᴿᴺᴬ,H₂O-Nᴿᴺᴬ
HETATM,8585,,O,,HOH,,O,674,,,106.254,94.964,123.538,1.0,20.45,,,O,,8604,2.6637073788237395,OP,Oᴿᴺᴬ,H₂O-Oᴿᴺᴬ
HETATM,8586,,O,,HOH,,O,675,,,105.051,103.788,118.707,1.0,22.14,,,O,,8605,2.61480209576175,OP,Oᴿᴺᴬ,H₂O-Oᴿᴺᴬ
HETATM,8587,,O,,HOH,,O,676,,,95.382,82.824,98.708,1.0,24.42,,,O,,8606,3.1698337495837268,N3,Nᴿᴺᴬ,H₂O-Nᴿᴺᴬ
HETATM,8588,,O,,HOH,,O,677,,,77.545,71.736,107.062,1.0,28.14,,,O,,8607,3.361160216353869,C5,Cᴿᴺᴬ,H₂O-Cᴿᴺᴬ
HETATM,8589,,O,,HOH,,O,678,,,130.007,76.622,117.221,1.0,12.01,,,O,,8608,3.186358579946698,N2,Nᴿᴺᴬ,H₂O-Nᴿᴺᴬ
HETATM,8590,,O,,HOH,,O,679,,,83.223,88.425,118.737,1.0,12.55,,,O,,8609,3.3381890299981456,O2',Oᴿᴺᴬ,H₂O-Oᴿᴺᴬ
HETATM,8591,,O,,HOH,,O,680,,,125.166,95.104,117.407,1.0,15.63,,,O,,8610,2.87132269172241,O,H₂O,H₂O-H₂O
HETATM,8592,,O,,HOH,,O,681,,,99.763,84.733,110.607,1.0,24.89,,,O,,8611,2.990794376081385,O3',Oᴿᴺᴬ,H₂O-Oᴿᴺᴬ
HETATM,8593,,O,,HOH,,O,682,,,122.655,95.31,100.887,1.0,10.87,,,O,,8612,2.5041016353175425,OP,Oᴿᴺᴬ,H₂O-Oᴿᴺᴬ
HETATM,8594,,O,,HOH,,O,683,,,100.154,110.702,127.117,1.0,16.45,,,O,,8613,3.2556589194815784,OP,Oᴿᴺᴬ,H₂O-Oᴿᴺᴬ
HETATM,8595,,O,,HOH,,O,684,,,90.197,104.546,88.49,1.0,24.34,,,O,,8614,2.655882715783969,OP,Oᴿᴺᴬ,H₂O-Oᴿᴺᴬ
HETATM,8596,,O,,HOH,,O,685,,,106.436,92.153,134.727,1.0,17.22,,,O,,8615,3.1531894963671356,OP,Oᴿᴺᴬ,H₂O-Oᴿᴺᴬ
HETATM,8597,,O,,HOH,,O,686,,,115.74,95.857,86.514,1.0,11.13,,,O,,8616,3.0888705055408243,N2,Nᴿᴺᴬ,H₂O-Nᴿᴺᴬ
HETATM,8598,,O,,HOH,,O,687,,,99.029,124.887,124.042,1.0,18.43,,,O,,8617,2.928349193658438,O4',Oᴿᴺᴬ,H₂O-Oᴿᴺᴬ
HETATM,8599,,O,,HOH,,O,688,,,73.266,100.276,107.309,1.0,19.6,,,O,,8618,3.3261210140342192,O,H₂O,H₂O-H₂O
HETATM,8600,,O,,HOH,,O,689,,,82.115,115.267,123.954,1.0,17.29,,,O,,8619,2.6089518968352072,OP,Oᴿᴺᴬ,H₂O-Oᴿᴺᴬ
HETATM,8601,,O,,HOH,,O,690,,,102.881,117.665,90.15,1.0,14.93,,,O,,8620,2.8208486311746697,OP,Oᴿᴺᴬ,H₂O-Oᴿᴺᴬ
HETATM,8602,,O,,HOH,,O,691,,,76.382,101.284,107.89,1.0,15.1,,,O,,8621,3.002916082743564,O,H₂O,H₂O-H₂O
HETATM,8603,,O,,HOH,,O,692,,,68.439,90.165,99.786,1.0,13.7,,,O,,8622,2.912559012277694,OP,Oᴿᴺᴬ,H₂O-Oᴿᴺᴬ
HETATM,8604,,O,,HOH,,O,693,,,94.717,121.911,132.692,1.0,27.76,,,O,,8623,2.5751930024757526,N1,Nᴿᴺᴬ,H₂O-Nᴿᴺᴬ
HETATM,8605,,O,,HOH,,O,694,,,132.179,92.746,108.53,1.0,16.6,,,O,,8624,3.0167654864109004,O2',Oᴿᴺᴬ,H₂O-Oᴿᴺᴬ
HETATM,8606,,O,,HOH,,O,695,,,90.08,88.324,114.077,1.0,13.56,,,O,,8625,3.2627212568651904,C5',Cᴿᴺᴬ,H₂O-Cᴿᴺᴬ
HETATM,8607,,O,,HOH,,O,696,,,82.692,111.226,107.17,1.0,9.5,,,O,,8626,3.307150586229788,O3',Oᴿᴺᴬ,H₂O-Oᴿᴺᴬ
HETATM,8608,,O,,HOH,,O,697,,,84.091,114.57,108.175,1.0,25.95,,,O,,8627,2.765644228746708,OP,Oᴿᴺᴬ,H₂O-Oᴿᴺᴬ
HETATM,8609,,O,,HOH,,O,698,,,92.223,81.206,105.085,1.0,14.92,,,O,,8628,2.738644555249911,OP,Oᴿᴺᴬ,H₂O-Oᴿᴺᴬ
HETATM,8610,,O,,HOH,,O,699,,,95.399,101.417,86.348,1.0,22.4,,,O,,8629,2.5642860604854567,O,H₂O,H₂O-H₂O
HETATM,8611,,O,,HOH,,O,700,,,101.236,116.364,114.291,1.0,15.4,,,O,,8630,3.2390583508174036,OP,Oᴿᴺᴬ,H₂O-Oᴿᴺᴬ
HETATM,8612,,O,,HOH,,O,701,,,130.672,78.686,101.13,1.0,11.53,,,O,,8631,3.169494754688825,O4,Oᴿᴺᴬ,H₂O-Oᴿᴺᴬ
HETATM,8613,,O,,HOH,,O,702,,,113.513,83.199,120.207,1.0,18.94,,,O,,8632,2.8428202546063366,O,H₂O,H₂O-H₂O
HETATM,8614,,O,,HOH,,O,703,,,105.045,90.812,116.64,1.0,35.01,,,O,,8633,2.6050203454099985,O2',Oᴿᴺᴬ,H₂O-Oᴿᴺᴬ
HETATM,8615,,O,,HOH,,O,704,,,117.098,114.528,89.095,1.0,17.89,,,O,,8634,2.7761559754451777,OP,Oᴿᴺᴬ,H₂O-Oᴿᴺᴬ
HETATM,8616,,O,,HOH,,O,705,,,100.064,114.383,131.933,1.0,23.01,,,O,,8635,3.2238712753458403,O4,Oᴿᴺᴬ,H₂O-Oᴿᴺᴬ
HETATM,8617,,O,,HOH,,O,706,,,94.951,80.289,113.737,1.0,30.03,,,O,,8636,3.0256172923884477,OP,Oᴿᴺᴬ,H₂O-Oᴿᴺᴬ
HETATM,8618,,O,,HOH,,O,707,,,85.199,88.758,84.899,1.0,8.8,,,O,,8637,2.7779118056554686,O2',Oᴿᴺᴬ,H₂O-Oᴿᴺᴬ
HETATM,8619,,O,,HOH,,O,708,,,96.408,128.285,123.187,1.0,13.77,,,O,,8638,3.092682169250506,O2',Oᴿᴺᴬ,H₂O-Oᴿᴺᴬ
HETATM,8620,,O,,HOH,,O,709,,,84.685,74.077,102.707,1.0,13.01,,,O,,8639,2.4856568548373787,MG,Mg²⁺,H₂O-Mg²⁺
HETATM,8621,,O,,HOH,,O,710,,,75.058,103.907,107.27,1.0,18.87,,,O,,8640,3.0010574802892385,OP,Oᴿᴺᴬ,H₂O-Oᴿᴺᴬ
HETATM,8622,,O,,HOH,,O,711,,,95.738,99.068,85.377,1.0,20.7,,,O,,8641,2.5642860604854567,O,H₂O,H₂O-H₂O
HETATM,8623,,O,,HOH,,O,712,,,104.305,124.837,76.282,1.0,14.48,,,O,,8642,2.726640056919872,O6,Oᴿᴺᴬ,H₂O-Oᴿᴺᴬ
HETATM,8624,,O,,HOH,,O,713,,,139.169,85.669,120.962,1.0,19.29,,,O,,8643,3.033353424841884,N4,Nᴿᴺᴬ,H₂O-Nᴿᴺᴬ
HETATM,8625,,O,,HOH,,O,714,,,122.179,77.841,99.815,1.0,14.63,,,O,,8644,2.7736751792522494,OP,Oᴿᴺᴬ,H₂O-Oᴿᴺᴬ
HETATM,8626,,O,,HOH,,O,715,,,92.828,93.639,91.141,1.0,26.32,,,O,,8645,2.938707368895377,OP,Oᴿᴺᴬ,H₂O-Oᴿᴺᴬ
HETATM,8627,,O,,HOH,,O,716,,,132.353,103.481,92.449,1.0,25.97,,,O,,8646,3.2569519492924686,N4,Nᴿᴺᴬ,H₂O-Nᴿᴺᴬ
HETATM,8628,,O,,HOH,,O,717,,,104.323,96.894,84.848,1.0,30.02,,,O,,8647,3.066197156087645,OP,Oᴿᴺᴬ,H₂O-Oᴿᴺᴬ
HETATM,8629,,O,,HOH,,O,718,,,68.948,98.457,98.198,1.0,13.48,,,O,,8648,3.141990133657338,O2',Oᴿᴺᴬ,H₂O-Oᴿᴺᴬ
HETATM,8630,,O,,HOH,,O,719,,,125.046,108.067,132.237,1.0,18.06,,,O,,8649,3.3734842522235056,OP,Oᴿᴺᴬ,H₂O-Oᴿᴺᴬ
HETATM,8631,,O,,HOH,,O,720,,,118.968,107.883,120.802,1.0,17.47,,,O,,8650,3.194640981393686,O4',Oᴿᴺᴬ,H₂O-Oᴿᴺᴬ
HETATM,8632,,O,,HOH,,O,721,,,111.547,83.214,104.037,1.0,10.67,,,O,,8651,3.397727770142867,O2',Oᴿᴺᴬ,H₂O-Oᴿᴺᴬ
HETATM,8633,,O,,HOH,,O,722,,,100.12,118.247,97.762,1.0,18.74,,,O,,8652,3.062285094500505,OP,Oᴿᴺᴬ,H₂O-Oᴿᴺᴬ
HETATM,8634,,O,,HOH,,O,723,,,121.242,81.541,100.783,1.0,27.4,,,O,,8653,2.6900360592378716,N7,Nᴿᴺᴬ,H₂O-Nᴿᴺᴬ
HETATM,8635,,O,,HOH,,O,724,,,115.298,110.108,116.231,1.0,27.28,,,O,,8654,3.2494753422668117,O4,Oᴿᴺᴬ,H₂O-Oᴿᴺᴬ
HETATM,8636,,O,,HOH,,O,725,,,81.432,111.99,112.615,1.0,30.4,,,O,,8655,2.512311684485016,OP,Oᴿᴺᴬ,H₂O-Oᴿᴺᴬ
HETATM,8637,,O,,HOH,,O,726,,,106.308,76.934,129.132,1.0,20.81,,,O,,8656,2.991539570187896,OP,Oᴿᴺᴬ,H₂O-Oᴿᴺᴬ
HETATM,8638,,O,,HOH,,O,727,,,84.661,114.051,99.242,1.0,37.37,,,O,,8657,3.3391019750825244,O3',Oᴿᴺᴬ,H₂O-Oᴿᴺᴬ
HETATM,8639,,O,,HOH,,O,728,,,103.367,86.273,104.519,1.0,27.96,,,O,,8658,2.902898206964896,OP,Oᴿᴺᴬ,H₂O-Oᴿᴺᴬ
HETATM,8640,,O,,HOH,,O,729,,,106.867,92.297,128.248,1.0,35.87,,,O,,8659,2.5311242561359983,MG,Mg²⁺,H₂O-Mg²⁺
