HOH,467.N,,84.704,92.165,94.926,0.806155025959
HOH,468.N,,106.519,98.652,101.503,0.787851989269
HOH,469.N,,96.927,102.167,92.166,0.827459990978
HOH,470.N,,94.24,103.745,108.135,0.928153991699
HOH,471.N,,77.118,90.24,106.344,0.806306004524
HOH,472.N,,106.615,108.213,107.108,0.938373982906
HOH,473.N,,96.435,105.227,103.133,0.923702001572
HOH,474.N,,113.816,104.53,106.83,0.827001988888
HOH,475.N,,93.05,108.246,94.549,0.910422027111
HOH,476.N,,104.097,103.642,95.708,0.896400988102
HOH,477.N,,85.79,93.86,96.948,0.842696011066
HOH,478.N,,105.502,102.1,91.024,0.867447972298
HOH,479.N,,99.347,103.995,111.247,0.892430007458
HOH,480.N,,76.343,93.254,104.647,0.798725008965
HOH,481.N,,102.263,98.676,100.943,0.763652980328
HOH,482.N,,97.034,89.734,102.294,0.884557008743
HOH,483.N,,98.656,103.909,101.407,0.83465898037
HOH,484.N,,120.103,104.953,123.474,0.895821988583
HOH,485.N,,116.367,89.703,123.486,0.729846000671
HOH,486.N,,107.134,101.438,112.253,0.861582994461
HOH,487.N,,85.986,96.438,95.312,0.875693976879
HOH,488.N,,87.011,100.327,95.265,0.856182992458
HOH,489.N,,99.341,92.857,98.582,0.849141001701
HOH,490.N,,100.386,108.801,98.501,0.925406992435
HOH,491.N,,105.009,107.746,94.022,0.923681020737
HOH,492.N,,103.645,109.965,84.7,0.888373970985
HOH,493.N,,107.17,98.969,110.567,0.899287998676
HOH,494.N,,78.639,87.736,95.951,0.89475697279
HOH,495.N,,104.907,102.974,113.034,0.789901018143
HOH,496.N,,106.485,105.37,99.138,0.815249979496
HOH,497.N,,90.008,107.283,103.024,0.868360996246
HOH,498.N,,100.592,98.461,108.777,0.830915987492
HOH,499.N,,102.302,108.602,94.596,0.780285000801
HOH,500.N,,108.658,88.574,123.286,0.818238973618
HOH,501.N,,111.773,91.958,121.123,0.888764023781
HOH,502.N,,113.411,102.15,124.315,0.741652011871
HOH,503.N,,98.678,114.505,111.933,0.762067973614
HOH,504.N,,111.364,97.605,121.524,0.823759973049
HOH,505.N,,95.015,114.463,111.153,0.704119980335
HOH,506.N,,89.7,100.681,97.415,0.846814990044
HOH,507.N,,89.959,98.215,101.487,0.857370018959
HOH,508.N,,89.528,95.024,96.896,0.654334008694
HOH,509.N,,105.8,85.873,129.934,0.862791001797
HOH,510.N,,110.807,104.823,132.529,0.709927976131
HOH,511.N,,97.954,95.956,98.716,0.827320992947
HOH,512.N,,104.764,108.156,116.495,0.88278901577
HOH,513.N,,91.24,92.356,104.404,0.759401023388
HOH,514.N,,121.255,97.931,118.515,0.78061401844
HOH,515.N,,90.136,106.156,93.998,0.816488981247
HOH,516.N,,106.4,94.124,103.647,0.850552976131
HOH,517.N,,86.493,100.92,105.809,0.825491011143
HOH,518.N,,100.222,111.384,113.881,0.556850016117
HOH,519.N,,103.613,92.455,93.16,0.858627021313
HOH,520.N,,74.445,97.642,102.471,0.801253974438
HOH,521.N,,94.06,115.525,102.052,0.845175027847
HOH,522.N,,115.434,86.11,121.784,0.856995999813
HOH,523.N,,113.205,91.506,114.632,0.838056027889
HOH,524.N,,76.774,96.962,94.211,0.908612012863
HOH,525.N,,113.654,100.665,99.11,0.847756028175
HOH,526.N,,92.029,103.639,111.048,0.790805995464
HOH,527.N,,108.893,89.47,129.288,0.820402979851
HOH,528.N,,100.707,102.059,99.992,0.797581017017
HOH,529.N,,118.99,88.337,129.443,0.807762026787
HOH,530.N,,88.402,86.341,94.92,0.797268986702
HOH,531.N,,91.738,113.874,109.159,0.873434007168
HOH,532.N,,125.154,92.963,128.466,0.665385007858
HOH,533.N,,115.774,94.699,136.05,0.790907025337
HOH,534.N,,106.486,116.577,104.223,0.80335599184
HOH,535.N,,91.31,110.185,120.171,0.791918992996
HOH,536.N,,110.074,82.131,123.342,0.813641011715
HOH,537.N,,94.376,116.105,114.144,0.786404013634
HOH,538.N,,82.946,99.951,105.466,0.773129999638
HOH,539.N,,101.108,111.319,96.748,0.645156025887
HOH,540.N,,114.879,106.832,115.452,0.865207016468
HOH,541.N,,88.668,108.732,94.994,0.841279983521
HOH,542.N,,78.314,99.302,103.652,0.79148298502
HOH,543.N,,111.978,93.891,124.09,0.765838027
HOH,544.N,,115.55,89.253,135.087,0.861636996269
HOH,545.N,,104.17,95.46,104.873,0.869772017002
HOH,546.N,,113.091,104.269,137.033,0.506319999695
HOH,547.N,,87.829,83.358,97.077,0.707009971142
HOH,548.N,,87.711,105.633,110.553,0.806514978409
HOH,549.N,,114.639,103.549,102.756,0.765682995319
HOH,550.N,,87.082,90.958,92.324,0.793497979641
HOH,551.N,,121.701,105.668,127.085,0.711655974388
HOH,552.N,,109.757,110.515,109.175,0.902525007725
HOH,553.N,,119.791,96.208,110.668,0.879648983479
HOH,554.N,,108.174,112.674,109.04,0.903849005699
HOH,555.N,,123.045,92.915,127.123,0.860942006111
HOH,556.N,,105.825,94.529,89.053,0.813543021679
HOH,557.N,,104.867,91.3,100.276,0.881501972675
HOH,558.N,,85.266,94.081,88.57,0.635035991669
HOH,559.N,,109.746,93.962,119.237,0.731608986855
HOH,560.N,,110.632,90.931,116.747,0.833042025566
HOH,561.N,,116.056,109.953,92.089,0.708581984043
HOH,562.N,,82.68,91.723,87.383,0.654190003872
HOH,563.N,,84.379,106.984,107.445,0.871071994305
HOH,564.N,,94.398,97.063,111.339,0.78111499548
HOH,565.N,,116.673,86.676,118.305,0.860539019108
HOH,566.N,,96.783,90.994,90.514,0.74067401886
HOH,567.N,,87.873,102.782,93.239,0.818988978863
HOH,568.N,,103.37,105.24,115.379,0.852032005787
HOH,569.N,,78.697,94.518,104.781,0.800547003746
HOH,570.N,,95.1,116.473,108.465,0.805589020252
HOH,571.N,,78.825,103.189,96.433,0.758942008018
HOH,572.N,,100.354,115.864,92.462,0.728848993778
HOH,573.N,,90.053,93.281,100.857,0.849425017834
HOH,574.N,,125.512,98.542,119.421,0.656536996365
HOH,575.N,,101.215,107.921,85.258,0.793880999088
HOH,576.N,,136.197,85.857,108.521,0.807470023632
HOH,577.N,,89.987,97.903,95.106,0.782127976418
HOH,578.N,,116.54,103.268,106.095,0.802983999252
HOH,579.N,,110.25,101.568,122.56,0.783201992512
HOH,580.N,,119.625,88.988,117.739,0.678589999676
HOH,581.N,,72.697,84.353,99.993,0.72738802433
HOH,582.N,,91.761,90.912,94.537,0.94345498085
HOH,583.N,,100.741,100.943,110.66,0.907312989235
HOH,584.N,,108.336,102.549,86.567,0.653943002224
HOH,585.N,,85.807,94.781,92.898,0.696823000908
HOH,586.N,,114.593,97.93,99.396,0.711655974388
HOH,587.N,,122.406,94.618,117.746,0.828299999237
HOH,588.N,,110.3,99.174,124.601,0.699001014233
HOH,589.N,,114.817,96.866,102.939,0.704883992672
HOH,590.N,,79.102,97.822,88.416,0.76082700491
HOH,591.N,,95.88,77.093,115.323,0.694422006607
HOH,592.N,,95.183,128.161,130.673,0.776807010174
HOH,593.N,,95.469,93.213,108.162,0.798081994057
HOH,594.N,,91.364,106.642,115.381,0.633288025856
HOH,595.N,,111.092,116.085,93.493,0.689285993576
HOH,596.N,,72.745,81.853,101.986,0.729276001453
HOH,597.N,,122.758,91.709,116.442,0.825065970421
HOH,598.N,,85.666,107.633,103.911,0.842122018337
HOH,599.N,,98.373,77.446,121.539,0.714282989502
HOH,600.N,,97.151,104.497,87.748,0.849869012833
HOH,601.N,,119.43,88.781,126.745,0.830878019333
HOH,602.N,,99.671,91.996,103.17,0.783254981041
HOH,603.N,,100.331,106.837,118.066,0.839609980583
HOH,604.N,,76.246,73.231,103.856,0.741605997086
HOH,605.N,,111.226,89.937,113.307,0.846100986004
HOH,606.N,,86.794,112.257,94.184,0.823441028595
HOH,607.N,,91.329,92.442,107.984,0.766183972359
HOH,608.N,,108.187,105.497,77.968,0.819409012794
HOH,609.N,,90.451,115.557,100.597,0.7610039711
HOH,610.N,,115.396,108.444,102.925,0.730745017529
HOH,611.N,,81.808,80.779,87.796,0.704714000225
HOH,612.N,,89.984,99.722,93.29,0.581359982491
HOH,613.N,,103.839,99.088,109.253,0.617796003819
HOH,614.N,,82.239,85.455,115.209,0.854974985123
HOH,615.N,,124.812,90.077,104.6,0.837590992451
HOH,616.N,,87.279,106.175,92.458,0.7656930089
HOH,617.N,,114.938,113.641,91.347,0.823132991791
HOH,618.N,,122.05,101.21,119.02,0.836304008961
HOH,619.N,,106.853,101.827,84.001,0.832744002342
HOH,620.N,,123.492,98.042,113.391,0.801898002625
HOH,621.N,,88.777,83.533,111.285,0.69669598341
HOH,622.N,,91.162,83.296,105.437,0.77943199873
HOH,623.N,,107.341,87.963,139.035,0.662463009357
HOH,624.N,,83.916,108.507,101.174,0.618709981441
HOH,625.N,,107.736,91.442,105.407,0.764684021473
HOH,626.N,,83.833,92.935,107.558,0.88128900528
HOH,627.N,,76.431,100.776,95.276,0.766779005527
HOH,628.N,,100.24,113.552,94.351,0.876128971577
HOH,629.N,,113.653,81.509,122.196,0.50473600626
HOH,630.N,,90.636,81.868,97.342,0.800054013729
HOH,631.N,,87.299,125.294,127.666,-0.177289992571
HOH,632.N,,95.883,98.894,113.171,0.804813027382
HOH,633.N,,130.266,91.032,98.428,0.803605020046
HOH,634.N,,124.983,102.064,136.683,0.794206976891
HOH,635.N,,74.552,82.955,112.79,0.794584989548
HOH,636.N,,117.317,102.32,139.536,0.669073998928
HOH,637.N,,74.935,93.274,110.352,0.532635986805
HOH,638.N,,83.252,105.671,109.769,0.84518301487
HOH,639.N,,117.444,112.122,88.391,0.718248009682
HOH,640.N,,106.536,100.437,124.539,0.852670013905
HOH,641.N,,74.617,77.23,95.921,-0.0197579991072
HOH,642.N,,93.676,72.039,118.768,0.58429902792
HOH,643.N,,97.44,98.979,89.748,0.802383005619
HOH,644.N,,113.567,111.62,99.107,0.725004017353
HOH,645.N,,130.797,90.49,126.116,0.573530972004
HOH,646.N,,106.165,115.862,95.191,0.496203988791
HOH,647.N,,114.92,111.555,89.629,0.882247984409
HOH,648.N,,78.914,81.705,86.061,0.866198003292
HOH,649.N,,102.989,115.83,98.725,0.824989974499
HOH,650.N,,79.464,105.6,99.023,0.687830984592
HOH,651.N,,84.671,80.227,89.75,0.608419001102
HOH,652.N,,92.445,117.447,103.101,0.739009976387
HOH,653.N,,101.572,88.014,117.68,0.711506009102
HOH,654.N,,124.927,85.375,104.505,0.602047979832
HOH,655.N,,95.112,120.608,115.13,0.512075006962
HOH,656.N,,84.575,112.904,112.782,0.611151993275
HOH,657.N,,87.213,112.729,101.951,0.72716397047
HOH,658.N,,122.286,89.711,121.815,0.734640002251
HOH,659.N,,81.823,68.389,107.275,0.748690009117
HOH,660.N,,102.496,91.695,110.051,0.840014994144
HOH,661.N,,91.015,97.947,89.776,0.829412996769
HOH,662.N,,102.337,115.812,95.757,0.733555972576
HOH,663.N,,80.039,80.244,117.619,0.731527984142
HOH,664.N,,129.643,101.775,125.749,0.84912198782
HOH,665.N,,104.15,124.872,79.963,0.519593000412
HOH,666.N,,80.886,95.588,112.405,0.722670972347
HOH,667.N,,135.977,99.283,98.838,0.76521897316
HOH,668.N,,127.285,112.717,94.43,0.723553001881
HOH,669.N,,111.218,90.381,93.064,0.845167994499
HOH,670.N,,103.773,96.211,114.387,0.597032010555
HOH,671.N,,98.707,113.251,116.783,0.689523994923
HOH,672.N,,110.725,87.12,111.625,0.424832999706
HOH,673.N,,97.766,126.72,133.203,0.262131989002
HOH,674.N,,106.335,94.893,123.463,0.720641970634
HOH,675.N,,104.879,103.703,118.664,0.870091021061
HOH,676.N,,96.948,82.598,98.176,0.386453002691
HOH,677.N,,79.311,70.543,105.752,0.770453989506
HOH,678.N,,131.365,77.856,117.949,0.658944010735
HOH,679.N,,83.787,87.377,117.822,0.716211974621
HOH,680.N,,125.45,95.983,118.096,0.90262901783
HOH,681.N,,100.803,84.439,110.259,0.800562977791
HOH,682.N,,123.459,96.23,101.606,0.900726020336
HOH,683.N,,99.476,110.433,126.847,0.507094979286
HOH,684.N,,91.033,104.074,87.974,0.611436009407
HOH,685.N,,106.247,92.019,134.617,0.656075000763
HOH,686.N,,117.252,96.678,86.798,0.268676996231
HOH,687.N,,98.02,124.57,123.64,0.466331005096
HOH,688.N,,73.704,98.843,106.123,0.459805995226
HOH,689.N,,81.397,114.53,123.006,0.769574999809
HOH,690.N,,102.998,117.745,90.28,0.778015017509
HOH,691.N,,76.737,99.995,106.832,0.661644995213
HOH,692.N,,69.574,88.434,98.311,0.636788010597
HOH,693.N,,93.532,121.503,132.172,0.657972991467
HOH,694.N,,132.822,94.107,109.697,0.312168985605
HOH,695.N,,90.802,87.602,113.403,0.719025015831
HOH,696.N,,82.633,110.283,106.357,0.41617500782
HOH,697.N,,83.943,113.77,107.34,0.62298899889
HOH,698.N,,93.612,80.716,104.429,0.491834014654
HOH,699.N,,96.467,101.206,85.972,0.708196997643
HOH,700.N,,100.752,116.143,114.125,0.574696004391
HOH,701.N,,132.632,80.176,102.02,0.256361991167
HOH,702.N,,114.248,83.536,120.306,0.606444001198
HOH,703.N,,105.577,90.746,116.5,0.727392971516
HOH,704.N,,117.206,115.36,89.944,0.860451996326
HOH,705.N,,99.144,114.151,131.618,0.660214006901
HOH,706.N,,96.06,79.779,113.197,0.65993899107
HOH,707.N,,86.824,88.001,83.991,0.501394987106
HOH,708.N,,95.376,127.866,122.629,0.67881500721
HOH,709.N,,86.548,73.371,101.658,0.728320002556
HOH,710.N,,75.323,102.554,106.194,0.780247986317
HOH,711.N,,96.988,98.835,84.987,0.807159006596
HOH,712.N,,104.487,125.214,76.801,0.262932986021
HOH,713.N,,139.838,87.297,122.302,0.73293697834
HOH,714.N,,124.134,78.812,100.278,0.277094006538
HOH,715.N,,94.11,93.206,90.626,0.534096002579
HOH,716.N,,132.914,105.294,94.004,0.211639001966
HOH,717.N,,105.651,97.138,84.73,0.679709017277
HOH,718.N,,69.871,97.062,96.994,0.653635025024
HOH,719.N,,124.089,108.776,133.032,0.510116994381
HOH,720.N,,118.445,108.443,121.304,0.715853989124
HOH,721.N,,112.96,83.497,104.12,0.602397024632
HOH,722.N,,100.026,118.088,97.731,0.809117019176
HOH,723.N,,122.9,82.435,101.25,0.793855011463
HOH,724.N,,114.854,110.512,116.612,0.0905599966645
HOH,725.N,,81.212,111.14,111.642,0.312290996313
HOH,726.N,,106.99,76.869,128.893,0.263621002436
HOH,727.N,,84.774,113.19,98.544,0.776597976685
HOH,728.N,,104.542,86.182,104.292,0.706059992313
HOH,729.N,,106.902,92.225,128.166,0.752574980259
MG,409.N,,104.324,98.32,103.281,0.910036981106
MG,410.N,,116.037,99.388,123.109,0.876570999622
MG,411.N,,120.501,101.156,122.818,0.916477024555
MG,412.N,,92.827,90.412,98.454,0.877857983112
MG,413.N,,84.039,90.386,102.256,0.713392972946
MG,414.N,,114.121,90.81,125.45,0.871093988419
MG,415.N,,104.332,100.186,90.34,0.765444993973
MG,416.N,,92.573,96.413,107.035,0.873152017593
MG,417.N,,106.049,99.024,88.57,0.910214006901
MG,418.N,,107.7,92.442,94.677,0.901556015015
MG,419.N,,110.768,106.085,97.379,0.7248929739
MG,420.N,,80.213,96.75,102.449,0.719353020191
MG,421.N,,109.391,91.32,96.75,0.747178018093
MG,422.N,,114.561,95.78,126.287,0.876518011093
MG,423.N,,111.873,94.565,96.318,0.878799974918
MG,424.N,,87.773,90.503,95.638,0.762410998344
MG,425.N,,89.542,98.721,105.242,0.770128011703
MG,426.N,,113.449,98.278,138.415,0.846852004528
MG,427.N,,86.622,80.617,92.654,0.609587013721
MG,428.N,,108.127,85.948,120.9,0.78337097168
MG,429.N,,97.206,110.51,93.654,0.665219008923
MG,430.N,,87.646,91.419,109.32,0.705919981003
MG,431.N,,92.972,101.747,113.162,0.881425023079
MG,432.N,,106.048,98.976,114.184,0.701560974121
MG,433.N,,91.363,101.665,95.511,0.730751991272
MG,434.N,,104.119,88.092,133.241,0.736316025257
MG,435.N,,85.178,74.618,104.464,0.707836985588
MG,436.N,,111.232,89.827,127.536,0.811832010746
MG,437.N,,125.806,103.24,126.354,0.808595001698
MG,438.N,,90.176,85.684,107.631,0.836655020714
MG,439.N,,87.34,76.635,103.978,0.677594006062
MG,440.N,,98.609,102.396,114.553,0.787100017071
MG,441.N,,119.362,102.519,136.847,0.873800992966
MG,442.N,,95.702,96.416,90.457,0.701068997383
MG,443.N,,114.283,95.73,97.727,0.804244995117
MG,444.N,,79.832,72.505,102.408,0.878341972828
MG,445.N,,122.027,105.065,91.709,0.75933098793
MG,446.N,,115.892,92.931,95.001,0.69870197773
MG,447.N,,83.637,117.468,117.299,0.0139440000057
MG,448.N,,106.371,88.826,97.245,0.733991026878
MG,449.N,,107.873,112.375,80.339,0.833254992962
MG,450.N,,80.027,106.622,105.651,0.860256016254
MG,451.N,,110.161,112.464,101.639,0.530434012413
MG,452.N,,131.57,95.101,106.075,0.796440005302
MG,453.N,,107.967,104.451,122.283,0.640793979168
MG,454.N,,73.321,95.881,95.702,0.824606001377
MG,455.N,,107.035,91.848,130.669,0.805169999599
MG,456.N,,103.769,114.222,99.062,0.67511099577
MG,457.N,,94.125,116.93,98.487,0.737948000431
MG,458.N,,106.481,101.245,116.224,0.607730984688
MG,459.N,,99.413,100.262,100.136,0.719181001186
MG,460.N,,71.213,77.907,101.19,0.369926005602
MG,461.N,,138.971,86.451,117.191,0.794745028019
MG,462.N,,119.27,105.958,106.627,0.395171999931
MG,463.N,,103.29,118.821,122.257,0.350378006697
MG,464.N,,91.547,116.058,130.233,0.642866015434
MG,465.N,,122.519,92.267,103.55,0.740029990673
MG,466.N,,88.735,73.897,102.754,0.369825989008
