HOH,479.N,,100.386,108.801,98.501,0.909220039845
HOH,499.N,,110.807,104.822,132.529,0.663015544415
HOH,683.N,,100.752,116.143,114.125,0.781314373016
HOH,586.N,,122.758,91.709,116.442,0.667098164558
HOH,519.N,,88.402,86.341,94.92,0.89981764555
HOH,635.N,,78.913,81.704,86.061,0.747914612293
HOH,599.N,,81.808,80.779,87.796,0.586907804012
HOH,675.N,,69.574,88.434,98.311,0.778122603893
MG,439.N,,83.637,117.468,117.298,0.453457027674
HOH,501.N,,104.764,108.156,116.495,0.847269356251
HOH,674.N,,76.737,99.995,106.831,0.738967895508
HOH,632.N,,130.797,90.49,126.115,0.769915640354
HOH,642.N,,95.112,120.608,115.13,0.665475010872
HOH,547.N,,85.266,94.081,88.57,0.630664288998
HOH,630.N,,97.44,98.979,89.748,0.86893337965
HOH,562.N,,90.053,93.281,100.857,0.766466796398
HOH,706.N,,114.854,110.512,116.612,0.749055206776
MG,414.N,,114.12,90.81,125.45,0.895416855812
MG,429.N,,104.119,88.092,133.24,0.829319596291
HOH,489.N,,108.658,88.574,123.286,0.792011380196
HOH,552.N,,84.379,106.984,107.444,0.878112435341
HOH,648.N,,91.014,97.947,89.775,0.796430766582
HOH,542.N,,119.79,96.207,110.668,0.874587535858
MG,428.N,,91.363,101.665,95.511,0.80210262537
HOH,686.N,,105.577,90.746,116.5,0.686139285564
HOH,493.N,,111.364,97.605,121.524,0.840281605721
MG,443.N,,110.161,112.464,101.639,0.649019479752
MG,422.N,,86.622,80.616,92.654,0.61096316576
HOH,592.N,,100.331,106.836,118.065,0.858093738556
HOH,521.N,,125.154,92.963,128.466,0.726667761803
HOH,579.N,,79.102,97.822,88.415,0.766971170902
HOH,617.N,,87.31,125.297,127.681,0.300503700972
HOH,704.N,,100.026,118.088,97.731,0.354538232088
HOH,679.N,,82.632,110.283,106.357,0.300256222486
HOH,698.N,,132.914,105.294,94.004,0.895366728306
MG,425.N,,87.645,91.419,109.32,0.754356563091
MG,412.N,,92.827,90.412,98.454,0.910429656506
HOH,661.N,,96.948,82.598,98.176,0.761121988297
HOH,614.N,,83.833,92.935,107.558,0.858972191811
HOH,483.N,,78.639,87.736,95.951,0.777589857578
HOH,475.N,,107.133,101.438,112.253,0.837227940559
HOH,470.N,,102.263,98.676,100.943,0.748631060123
HOH,666.N,,99.476,110.432,126.847,0.36139395833
HOH,507.N,,100.221,111.384,113.881,0.760616719723
HOH,590.N,,119.43,88.781,126.745,0.83866584301
MG,430.N,,125.806,103.24,126.354,0.822188794613
HOH,530.N,,88.668,108.732,94.994,0.653847932816
HOH,690.N,,86.824,88.0,83.991,0.543715119362
HOH,482.N,,107.17,98.969,110.567,0.897266447544
HOH,634.N,,114.919,111.555,89.629,0.630913257599
HOH,697.N,,94.11,93.206,90.626,0.657718241215
HOH,641.N,,124.927,85.375,104.505,0.565372109413
HOH,504.N,,90.136,106.156,93.998,0.836480855942
HOH,528.N,,101.108,111.319,96.748,0.608271002769
HOH,585.N,,72.745,81.852,101.986,0.72700548172
HOH,557.N,,103.369,105.24,115.379,0.775806903839
MG,409.N,,104.324,98.319,103.281,0.911987066269
HOH,620.N,,95.883,98.893,113.171,0.788115799427
HOH,663.N,,83.787,87.377,117.822,0.706601798534
HOH,505.N,,106.4,94.124,103.646,0.891668140888
HOH,532.N,,111.978,93.891,124.089,0.838555574417
HOH,576.N,,122.406,94.618,117.746,0.757792234421
HOH,611.N,,107.341,87.963,139.034,0.660211205482
HOH,461.N,,106.615,108.213,107.108,0.926136374474
HOH,643.N,,84.575,112.904,112.782,0.80510777235
HOH,696.N,,124.133,78.812,100.277,0.871767759323
HOH,474.N,,116.366,89.703,123.485,0.728478491306
HOH,647.N,,102.496,91.695,110.05,0.705960810184
HOH,516.N,,108.892,89.469,129.287,0.861706495285
MG,446.N,,73.321,95.881,95.702,0.767138540745
HOH,691.N,,95.376,127.866,122.629,0.778543651104
HOH,520.N,,91.738,113.874,109.158,0.875334322453
HOH,633.N,,106.165,115.862,95.191,0.755808770657
HOH,665.N,,123.459,96.23,101.606,0.632644891739
HOH,578.N,,114.817,96.866,102.939,0.819751024246
HOH,555.N,,96.782,90.994,90.514,0.726912200451
HOH,553.N,,94.398,97.063,111.339,0.796529650688
HOH,510.N,,94.06,115.525,102.052,0.827150762081
HOH,498.N,,105.8,85.873,129.934,0.819582998753
HOH,469.N,,76.343,93.254,104.647,0.833009779453
HOH,588.N,,98.373,77.446,121.539,0.694202780724
HOH,699.N,,105.651,97.138,84.73,0.480923742056
MG,424.N,,97.206,110.51,93.654,0.710291922092
MG,417.N,,107.7,92.442,94.677,0.895952343941
HOH,506.N,,86.493,100.92,105.808,0.844171524048
HOH,581.N,,95.182,128.161,130.673,0.613991975784
HOH,700.N,,69.871,97.061,96.994,0.567281782627
HOH,654.N,,127.284,112.716,94.43,0.841658771038
HOH,508.N,,103.612,92.455,93.16,0.84873008728
HOH,503.N,,121.255,97.931,118.515,0.812529861927
HOH,659.N,,106.335,94.893,123.463,0.395160317421
HOH,601.N,,103.84,99.089,109.252,0.550220191479
HOH,536.N,,87.829,83.358,97.077,0.74974322319
HOH,678.N,,90.802,87.602,113.403,0.670122087002
HOH,622.N,,124.983,102.064,136.683,0.416228353977
HOH,464.N,,93.05,108.246,94.549,0.897114634514
HOH,538.N,,114.639,103.549,102.756,0.645626604557
HOH,568.N,,110.25,101.568,122.56,0.817417144775
HOH,594.N,,111.226,89.937,113.307,0.817334711552
HOH,564.N,,101.215,107.921,85.258,0.792551159859
HOH,651.N,,104.149,124.872,79.963,0.393982648849
HOH,680.N,,83.943,113.77,107.34,0.675535321236
HOH,569.N,,119.625,88.988,117.738,0.766628742218
HOH,597.N,,90.451,115.557,100.597,0.791684031487
MG,433.N,,98.609,102.396,114.553,0.751040995121
HOH,534.N,,104.169,95.46,104.873,0.791251778603
HOH,703.N,,112.96,83.497,104.12,0.725311696529
HOH,676.N,,93.531,121.503,132.172,0.324470937252
HOH,566.N,,89.987,97.902,95.106,0.774451673031
HOH,685.N,,114.248,83.536,120.305,0.8679484725
MG,435.N,,95.702,96.416,90.456,0.792523384094
HOH,589.N,,97.151,104.497,87.748,0.882124364376
HOH,644.N,,87.212,112.729,101.95,0.772990047932
HOH,610.N,,91.161,83.296,105.437,0.788157105446
HOH,709.N,,84.774,113.189,98.544,0.606917858124
HOH,621.N,,130.266,91.032,98.428,0.867730975151
HOH,456.N,,84.704,92.165,94.925,0.831777870655
HOH,472.N,,98.655,103.909,101.406,0.834090948105
HOH,631.N,,113.567,111.62,99.107,0.867503881454
HOH,541.N,,109.757,110.515,109.175,0.853315293789
HOH,705.N,,122.9,82.435,101.25,0.748493850231
HOH,689.N,,96.059,79.779,113.197,0.871809840202
MG,410.N,,116.037,99.387,123.109,0.877765417099
MG,434.N,,119.362,102.519,136.846,0.864235460758
HOH,618.N,,113.653,81.508,122.196,0.458807766438
MG,421.N,,113.448,98.278,138.415,0.742143273354
HOH,537.N,,87.711,105.633,110.552,0.751025855541
HOH,655.N,,111.217,90.381,93.064,0.796105921268
HOH,481.N,,103.645,109.965,84.699,0.847441077232
HOH,467.N,,105.502,102.1,91.024,0.849721729755
HOH,669.N,,117.252,96.678,86.798,0.406318098307
HOH,550.N,,116.056,109.953,92.089,0.832019686699
MG,444.N,,131.57,95.101,106.075,0.761434435844
HOH,682.N,,96.466,101.206,85.971,0.643588006496
HOH,560.N,,78.824,103.189,96.433,0.722026824951
HOH,471.N,,97.034,89.734,102.293,0.877320349216
HOH,707.N,,81.211,111.14,111.641,0.557913064957
HOH,688.N,,99.144,114.151,131.618,0.255345761776
HOH,653.N,,135.977,99.283,98.838,0.749826848507
HOH,563.N,,125.512,98.542,119.421,0.77309936285
HOH,694.N,,104.488,125.216,76.799,-0.261554062366
HOH,466.N,,85.79,93.86,96.948,0.808845996857
MG,445.N,,107.967,104.451,122.283,0.664643168449
MG,455.N,,122.518,92.267,103.55,0.672032177448
HOH,584.N,,111.092,116.085,93.493,0.838735580444
HOH,480.N,,105.008,107.745,94.022,0.918366611004
HOH,609.N,,88.776,83.532,111.285,0.64068043232
MG,426.N,,92.972,101.747,113.162,0.849607765675
HOH,545.N,,105.825,94.529,89.053,0.873705387115
MG,427.N,,106.048,98.976,114.184,0.739541947842
MG,420.N,,87.773,90.502,95.638,0.799724280834
HOH,672.N,,81.397,114.529,123.006,0.603169739246
HOH,570.N,,72.697,84.353,99.993,0.809176027775
HOH,636.N,,102.989,115.83,98.725,0.713892400265
HOH,487.N,,100.592,98.461,108.777,0.849894344807
HOH,575.N,,114.594,97.929,99.395,0.82331776619
HOH,603.N,,124.812,90.077,104.6,0.773162484169
HOH,670.N,,98.02,124.569,123.64,0.537493526936
MG,432.N,,87.34,76.635,103.978,0.740459084511
HOH,490.N,,111.773,91.958,121.123,0.914519309998
HOH,522.N,,115.774,94.699,136.05,0.699199318886
HOH,468.N,,99.348,103.994,111.247,0.922759950161
HOH,612.N,,83.916,108.507,101.174,0.808021247387
HOH,701.N,,124.089,108.775,133.032,0.61819922924
HOH,673.N,,102.997,117.745,90.28,0.50635099411
HOH,693.N,,75.323,102.554,106.194,0.711327075958
HOH,458.N,,96.927,102.167,92.166,0.837723612785
MG,418.N,,80.213,96.75,102.448,0.77526307106
MG,454.N,,91.547,116.058,130.233,0.476860851049
HOH,640.N,,101.572,88.014,117.68,0.710607111454
MG,452.N,,119.269,105.958,106.627,0.388642638922
HOH,638.N,,84.671,80.226,89.75,0.702956080437
HOH,551.N,,82.68,91.723,87.383,0.749231338501
HOH,567.N,,116.54,103.268,106.094,0.666167795658
HOH,561.N,,100.353,115.864,92.462,0.745088100433
HOH,517.N,,100.707,102.059,99.992,0.867994010448
MG,419.N,,111.873,94.565,96.318,0.876665949821
HOH,660.N,,104.879,103.703,118.664,0.645555198193
HOH,684.N,,132.631,80.176,102.02,0.57860916853
HOH,650.N,,80.039,80.243,117.619,0.90186727047
HOH,604.N,,87.278,106.175,92.458,0.695515871048
HOH,613.N,,107.736,91.442,105.407,0.81826633215
HOH,608.N,,123.492,98.042,113.391,0.704401552677
HOH,525.N,,110.074,82.13,123.342,0.809692502022
HOH,511.N,,115.434,86.11,121.784,0.909397661686
HOH,495.N,,89.7,100.681,97.415,0.888773202896
HOH,484.N,,104.907,102.974,113.034,0.74509459734
HOH,546.N,,104.867,91.299,100.276,0.843493402004
HOH,477.N,,87.011,100.327,95.265,0.90488165617
HOH,637.N,,79.463,105.6,99.022,0.639458596706
HOH,645.N,,122.285,89.711,121.815,0.793184876442
HOH,488.N,,102.301,108.602,94.596,0.807537138462
HOH,548.N,,109.745,93.962,119.237,0.803206384182
HOH,628.N,,74.617,77.23,95.92,0.621333539486
HOH,627.N,,106.536,100.437,124.539,0.85996389389
HOH,476.N,,85.986,96.438,95.312,0.902556657791
HOH,502.N,,91.24,92.356,104.404,0.751453757286
HOH,625.N,,83.252,105.671,109.769,0.65164077282
HOH,587.N,,85.666,107.633,103.911,0.798567950726
MG,442.N,,80.026,106.622,105.651,0.892429769039
HOH,606.N,,122.049,101.21,119.02,0.786474347115
HOH,600.N,,89.984,99.722,93.29,0.56028097868
HOH,602.N,,82.239,85.455,115.209,0.863639712334
MG,453.N,,103.29,118.82,122.257,0.654872059822
HOH,658.N,,97.766,126.719,133.203,0.114432565868
HOH,582.N,,95.469,93.213,108.161,0.815505981445
HOH,593.N,,76.246,73.231,103.856,0.731288969517
HOH,657.N,,98.707,113.252,116.782,0.680598199368
HOH,496.N,,89.959,98.215,101.487,0.872899591923
MG,441.N,,107.873,112.375,80.339,0.68721973896
HOH,535.N,,113.091,104.269,137.033,0.644626438618
HOH,571.N,,91.761,90.912,94.537,0.912430286407
HOH,514.N,,113.654,100.665,99.109,0.703334867954
MG,449.N,,94.125,116.93,98.487,0.639015853405
MG,415.N,,92.573,96.413,107.035,0.901864588261
HOH,500.N,,97.954,95.956,98.716,0.886212050915
HOH,533.N,,115.549,89.252,135.087,0.760756790638
HOH,558.N,,78.697,94.517,104.78,0.829446494579
MG,411.N,,120.5,101.156,122.818,0.921146333218
HOH,549.N,,110.632,90.931,116.747,0.83268737793
HOH,656.N,,103.773,96.211,114.387,0.531333386898
MG,413.N,,84.039,90.386,102.256,0.713532149792
MG,436.N,,79.832,72.505,102.408,0.834994852543
HOH,619.N,,90.636,81.868,97.342,0.895317316055
HOH,544.N,,123.044,92.915,127.123,0.839876651764
HOH,626.N,,117.444,112.122,88.391,0.790114402771
HOH,687.N,,117.206,115.359,89.944,0.811303198338
HOH,523.N,,106.486,116.576,104.222,0.881468832493
HOH,559.N,,95.099,116.472,108.465,0.754571557045
HOH,473.N,,120.102,104.953,123.473,0.890808582306
HOH,616.N,,100.24,113.552,94.351,0.657604396343
HOH,681.N,,93.612,80.716,104.429,0.547114491463
HOH,515.N,,92.028,103.639,111.048,0.819281458855
MG,451.N,,71.213,77.907,101.19,0.650387525558
HOH,463.N,,113.816,104.53,106.83,0.845197141171
HOH,671.N,,73.704,98.843,106.123,0.506949067116
HOH,543.N,,108.173,112.673,109.039,0.839118778706
HOH,677.N,,132.822,94.107,109.697,0.201293259859
HOH,624.N,,74.934,93.274,110.352,0.867573142052
HOH,512.N,,113.205,91.506,114.632,0.875826299191
HOH,615.N,,76.431,100.776,95.275,0.758684933186
HOH,577.N,,110.3,99.174,124.601,0.727373063564
HOH,491.N,,113.411,102.15,124.315,0.75528550148
HOH,639.N,,92.445,117.446,103.101,0.795950889587
MG,423.N,,108.126,85.946,120.9,0.822807192802
HOH,513.N,,76.774,96.962,94.211,0.823634564877
HOH,652.N,,80.886,95.588,112.405,0.801914989948
HOH,531.N,,78.314,99.302,103.652,0.782532393932
HOH,527.N,,82.946,99.95,105.466,0.862485289574
HOH,509.N,,74.445,97.642,102.47,0.868528008461
HOH,492.N,,98.678,114.505,111.933,0.681232631207
HOH,457.N,,106.519,98.652,101.503,0.783761322498
MG,440.N,,106.371,88.826,97.245,0.748696029186
HOH,580.N,,95.88,77.093,115.323,0.690014302731
HOH,526.N,,94.375,116.105,114.143,0.822410047054
MG,437.N,,122.027,105.065,91.708,0.794509828091
HOH,664.N,,100.804,84.439,110.258,0.768020033836
HOH,646.N,,81.823,68.389,107.275,0.507023096085
HOH,574.N,,85.807,94.781,92.897,0.738598525524
MG,431.N,,90.176,85.684,107.631,0.831747114658
HOH,695.N,,139.838,87.297,122.301,0.150607660413
HOH,583.N,,91.364,106.642,115.381,0.710416376591
HOH,518.N,,118.99,88.336,129.443,0.825689673424
HOH,494.N,,95.015,114.463,111.153,0.767553031445
MG,447.N,,107.035,91.848,130.669,0.733476936817
HOH,524.N,,91.31,110.184,120.171,0.654884397984
HOH,486.N,,90.009,107.282,103.024,0.87379270792
HOH,497.N,,89.528,95.024,96.896,0.768785357475
HOH,702.N,,118.445,108.443,121.304,0.68052893877
HOH,540.N,,121.701,105.668,127.085,0.65443789959
HOH,667.N,,91.033,104.074,87.974,0.530912637711
MG,438.N,,115.892,92.931,95.001,0.638295412064
HOH,556.N,,87.873,102.782,93.239,0.822761535645
HOH,692.N,,86.547,73.371,101.658,0.11461494863
HOH,607.N,,106.853,101.827,84.001,0.901429355145
HOH,539.N,,87.082,90.958,92.324,0.84300339222
HOH,710.N,,104.542,86.182,104.292,0.741904258728
HOH,708.N,,106.99,76.869,128.893,0.611551225185
HOH,485.N,,106.485,105.37,99.138,0.808489739895
HOH,529.N,,114.879,106.832,115.452,0.850990474224
HOH,649.N,,102.337,115.812,95.757,0.75104367733
MG,416.N,,106.049,99.024,88.57,0.888814032078
HOH,572.N,,100.741,100.943,110.66,0.86157476902
HOH,573.N,,108.335,102.549,86.567,0.518704950809
HOH,629.N,,93.676,72.039,118.768,0.686188340187
HOH,565.N,,136.197,85.857,108.521,0.832900941372
HOH,662.N,,131.366,77.856,117.948,0.790103256702
HOH,598.N,,115.396,108.444,102.925,0.841327250004
HOH,460.N,,77.118,90.24,106.344,0.81655561924
MG,448.N,,103.766,114.215,99.06,0.722875952721
HOH,465.N,,104.097,103.641,95.708,0.912848412991
HOH,462.N,,96.435,105.227,103.133,0.931004345417
HOH,596.N,,108.187,105.497,77.968,0.823583960533
HOH,478.N,,99.341,92.856,98.582,0.809844195843
HOH,595.N,,86.794,112.257,94.184,0.813628256321
HOH,605.N,,114.938,113.641,91.347,0.792941153049
HOH,554.N,,116.672,86.676,118.305,0.735742509365
HOH,668.N,,106.247,92.019,134.616,0.574077546597
HOH,459.N,,94.24,103.745,108.135,0.910981357098
MG,450.N,,99.413,100.262,100.136,0.691280782223
HOH,623.N,,74.552,82.955,112.79,0.888434708118
HOH,591.N,,99.671,91.996,103.17,0.802346944809
