HOH,616.N,,88.522,98.564,109.515,0.853501677513
HOH,725.N,,123.529,116.348,83.83,0.825971901417
MG,409.N,,103.856,98.312,103.592,0.888153493404
HOH,621.N,,115.65,89.282,134.738,0.841991305351
HOH,546.N,,109.808,110.393,108.864,0.910617768764
MG,417.N,,105.027,98.747,88.676,0.882611989975
MG,426.N,,118.357,91.38,107.697,0.759336650372
HOH,699.N,,136.242,98.874,98.982,0.548007190228
HOH,655.N,,73.532,84.992,114.178,0.763091683388
HOH,713.N,,72.437,96.929,96.824,0.861998021603
HOH,573.N,,105.378,99.233,114.049,0.844887077808
HOH,662.N,,103.635,95.313,114.851,0.650488138199
HOH,690.N,,96.346,99.255,90.236,0.899456501007
MG,436.N,,80.169,107.755,106.543,0.8850954175
MG,453.N,,122.781,90.831,112.634,0.695234298706
HOH,595.N,,103.386,89.647,94.011,0.778824031353
HOH,624.N,,105.644,110.212,119.467,0.857735753059
HOH,705.N,,79.117,81.351,118.506,0.841193437576
HOH,504.N,,103.085,110.004,84.73,0.906451404095
HOH,714.N,,124.945,107.952,132.942,0.740348279476
HOH,628.N,,116.095,103.753,136.609,0.749768555164
HOH,730.N,,96.199,114.723,129.655,0.666983187199
HOH,547.N,,99.975,102.247,100.288,0.831917881966
HOH,723.N,,81.232,91.832,119.863,0.489410251379
MG,431.N,,125.914,102.651,125.805,0.82845646143
MG,448.N,,100.604,92.594,91.721,0.81153857708
HOH,578.N,,114.605,113.064,90.769,0.89181637764
HOH,496.N,,111.342,91.842,120.948,0.881123065948
HOH,654.N,,79.734,83.673,86.011,0.837345063686
HOH,606.N,,98.459,124.292,124.015,0.717181921005
HOH,579.N,,117.582,105.906,124.611,0.80261027813
HOH,671.N,,74.02,76.071,101.473,0.561494886875
HOH,505.N,,112.174,108.065,99.685,0.888859152794
HOH,642.N,,98.79,102.64,114.959,0.853980779648
HOH,553.N,,70.607,91.85,93.098,0.800311625004
HOH,660.N,,112.03,112.107,80.204,0.868421196938
HOH,601.N,,115.579,109.463,91.89,0.873649775982
HOH,597.N,,101.301,113.598,120.287,0.761003851891
HOH,575.N,,102.203,92.509,93.208,0.851685762405
HOH,493.N,,105.894,105.092,99.115,0.881367743015
HOH,523.N,,108.217,88.923,123.389,0.824520468712
HOH,640.N,,130.567,85.841,117.489,0.750174820423
HOH,724.N,,117.065,101.058,99.805,0.825964033604
HOH,476.N,,101.628,109.079,94.439,0.890138804913
HOH,648.N,,110.411,101.197,122.426,0.876589000225
HOH,623.N,,71.233,85.652,100.945,0.831682920456
MG,423.N,,90.713,102.27,95.881,0.835621416569
HOH,596.N,,100.025,116.051,92.453,0.89718067646
HOH,701.N,,104.368,97.549,109.139,0.803624212742
MG,443.N,,113.515,97.159,105.1,0.836886525154
HOH,515.N,,74.31,85.032,110.515,0.871495306492
HOH,602.N,,95.222,116.977,109.033,0.880932509899
MG,446.N,,94.489,79.47,119.525,0.720398485661
HOH,475.N,,89.664,107.975,103.669,0.851025104523
MG,445.N,,94.403,96.725,90.934,0.907459020615
HOH,520.N,,82.116,100.924,105.942,0.870480775833
HOH,600.N,,106.635,91.205,105.613,0.914525806904
HOH,489.N,,104.951,107.903,116.562,0.918135643005
HOH,472.N,,116.091,88.94,123.246,0.910981237888
HOH,490.N,,100.135,108.907,98.537,0.931630432606
HOH,526.N,,98.957,114.706,112.389,0.888206362724
MG,455.N,,96.466,84.34,109.987,0.599714457989
HOH,626.N,,116.507,99.661,105.133,0.754128456116
HOH,514.N,,112.501,91.113,114.426,0.862904012203
HOH,609.N,,77.914,98.88,89.483,0.906836330891
HOH,584.N,,100.062,101.338,111.133,0.846380650997
HOH,629.N,,122.245,93.732,117.228,0.927746117115
HOH,548.N,,104.542,115.412,114.928,0.787576317787
HOH,562.N,,104.993,111.023,93.659,0.89215272665
HOH,635.N,,100.722,107.366,118.492,0.819657921791
HOH,643.N,,95.807,91.504,90.893,0.852185726166
HOH,732.N,,109.848,109.226,125.995,0.616517603397
HOH,685.N,,114.49,110.765,110.272,0.837364912033
HOH,465.N,,106.582,108.313,107.118,0.947179317474
HOH,668.N,,105.185,92.249,117.717,0.804003596306
HOH,552.N,,119.146,88.048,119.443,0.580400645733
HOH,633.N,,95.698,128.223,123.524,0.713718593121
HOH,692.N,,113.12,109.205,112.218,0.72096067667
HOH,481.N,,113.764,98.223,138.254,0.754977047443
HOH,586.N,,94.455,77.988,116.052,0.880525648594
HOH,482.N,,114.491,95.577,125.974,0.856736063957
MG,441.N,,107.136,91.966,130.799,0.85845220089
MG,422.N,,121.009,97.084,117.79,0.732315123081
HOH,473.N,,106.903,101.459,112.312,0.900382995605
HOH,486.N,,96.959,96.321,99.219,0.914129793644
HOH,607.N,,95.814,99.057,113.556,0.848450541496
HOH,478.N,,114.123,90.808,124.909,0.83986055851
HOH,664.N,,102.341,116.019,95.681,0.897084355354
HOH,646.N,,86.811,83.922,88.251,0.738778352737
HOH,555.N,,110.64,110.519,111.403,0.80729830265
HOH,543.N,,84.352,76.007,105.201,0.82268255949
HOH,590.N,,87.769,84.763,112.22,0.79602253437
HOH,536.N,,116.225,84.997,123.969,0.868453502655
HOH,683.N,,99.715,88.809,126.234,0.904367923737
HOH,676.N,,80.265,96.721,113.684,0.823821187019
HOH,549.N,,103.492,105.4,115.489,0.88879609108
HOH,509.N,,124.46,101.967,121.517,0.866740345955
HOH,521.N,,100.218,98.787,109.151,0.87661164999
HOH,679.N,,90.244,77.711,104.972,0.712508201599
HOH,588.N,,88.888,82.173,98.197,0.794043958187
HOH,545.N,,129.165,89.14,97.398,0.851079821587
HOH,661.N,,122.297,95.057,100.838,0.91437625885
HOH,570.N,,84.149,107.846,108.237,0.873868465424
HOH,560.N,,113.336,94.434,122.574,0.896589100361
HOH,652.N,,116.454,104.69,82.259,0.862993001938
HOH,467.N,,104.708,102.019,91.012,0.895861029625
HOH,707.N,,101.155,89.87,104.256,0.443614035845
HOH,716.N,,99.422,85.079,110.901,0.790808618069
HOH,495.N,,92.047,114.45,109.917,0.901093840599
HOH,625.N,,124.945,98.057,118.235,0.785399496555
HOH,709.N,,103.133,118.268,104.738,0.696264863014
HOH,603.N,,105.642,101.577,84.022,0.90572822094
HOH,464.N,,84.802,94.804,97.699,0.828892707825
HOH,459.N,,103.388,103.604,95.941,0.901172935963
HOH,712.N,,111.623,114.118,96.876,0.713208556175
HOH,612.N,,75.69,101.812,96.099,0.855399489403
HOH,500.N,,103.149,99.906,85.568,0.923175036907
HOH,538.N,,103.706,91.129,100.557,0.839382410049
MG,429.N,,106.863,116.324,103.79,0.883277535439
HOH,550.N,,113.903,87.32,113.393,0.851964831352
HOH,591.N,,122.865,91.254,130.808,0.800809502602
MG,450.N,,103.252,99.925,109.932,0.713533937931
HOH,583.N,,96.263,105.007,87.775,0.899791717529
HOH,694.N,,76.047,101.23,107.831,0.820638358593
HOH,720.N,,103.053,86.63,104.267,0.737587928772
HOH,561.N,,109.793,90.764,116.864,0.805400967598
HOH,491.N,,75.793,94.706,105.925,0.85824406147
HOH,636.N,,91.672,107.366,116.258,0.816348195076
HOH,462.N,,89.958,93.126,98.182,0.91550296545
HOH,637.N,,106.646,117.801,91.754,0.82127058506
HOH,619.N,,106.756,105.071,77.812,0.878520607948
MG,447.N,,115.452,108.038,102.319,0.904558420181
HOH,604.N,,127.595,104.017,96.427,0.620357811451
HOH,539.N,,83.857,96.405,93.692,0.737531244755
HOH,517.N,,73.679,99.147,103.619,0.91275447607
HOH,659.N,,95.941,118.171,106.006,0.730233311653
MG,425.N,,86.546,91.342,96.402,0.881351172924
HOH,468.N,,105.847,98.663,101.51,0.881047546864
HOH,710.N,,112.726,109.893,116.126,0.607850134373
HOH,551.N,,87.22,103.232,93.953,0.861841380596
HOH,557.N,,110.7,86.907,114.879,0.82483869791
HOH,703.N,,89.522,88.553,94.036,0.850503206253
MG,419.N,,110.558,90.807,124.558,0.894723713398
HOH,663.N,,121.327,103.619,112.499,0.812332570553
HOH,719.N,,87.247,113.455,102.517,0.832455098629
HOH,726.N,,67.49,95.078,100.298,0.587337911129
HOH,735.N,,96.52,84.461,128.281,0.766610145569
MG,414.N,,106.149,102.028,99.69,0.822759866714
HOH,565.N,,104.288,88.255,133.324,0.859738111496
HOH,503.N,,105.608,85.953,130.033,0.881476402283
HOH,527.N,,89.304,98.739,102.103,0.916054964066
HOH,507.N,,85.787,91.76,93.033,0.827754616737
HOH,564.N,,114.861,85.541,121.598,0.863118350506
HOH,687.N,,92.458,74.878,110.936,0.796452701092
HOH,513.N,,112.04,99.258,120.873,0.820193827152
HOH,614.N,,115.573,99.078,102.052,0.786917865276
HOH,589.N,,122.093,100.605,118.362,0.890790522099
HOH,617.N,,91.841,99.327,111.399,0.755816996098
HOH,563.N,,92.676,114.295,123.05,0.866740167141
HOH,610.N,,98.76,94.814,89.397,0.854742407799
HOH,506.N,,111.266,96.551,127.248,0.840602815151
HOH,681.N,,130.123,100.798,124.857,0.877739787102
MG,437.N,,113.157,95.274,97.704,0.809314787388
HOH,516.N,,111.162,104.624,132.389,0.829879462719
MG,428.N,,120.155,101.996,136.539,0.845230579376
HOH,524.N,,107.077,94.277,109.229,0.941207289696
HOH,677.N,,106.294,97.43,120.642,0.739123463631
HOH,494.N,,118.899,87.682,129.213,0.831963598728
HOH,691.N,,101.918,96.04,83.901,0.678328454494
HOH,620.N,,86.729,119.755,116.33,0.649913430214
HOH,696.N,,103.598,73.532,112.59,0.840451061726
HOH,592.N,,86.81,80.458,97.049,0.709538757801
HOH,522.N,,86.892,86.964,95.618,0.887905657291
HOH,469.N,,113.633,104.134,106.49,0.881200969219
HOH,684.N,,108.593,121.962,85.595,0.772016525269
HOH,456.N,,119.926,98.852,124.086,0.839661836624
HOH,670.N,,104.709,103.924,118.881,0.808009624481
HOH,630.N,,130.144,91.29,122.582,0.867655098438
HOH,511.N,,110.766,94.291,96.283,0.919635772705
HOH,728.N,,98.659,105.123,82.547,0.596440196037
HOH,532.N,,105.548,94.006,103.732,0.887900471687
MG,452.N,,91.314,90.09,113.3,0.625735580921
MG,451.N,,83.39,119.481,115.583,0.656039297581
MG,427.N,,113.491,101.782,118.609,0.901743292809
MG,411.N,,120.727,100.643,122.149,0.927881479263
MG,435.N,,101.569,112.001,96.537,0.792195379734
HOH,474.N,,95.992,105.689,103.429,0.957429051399
HOH,613.N,,93.756,97.737,111.825,0.837458968163
HOH,715.N,,102.703,117.883,90.334,0.82634884119
HOH,510.N,,88.474,95.92,97.513,0.869131863117
HOH,485.N,,75.847,98.26,95.295,0.913004040718
HOH,734.N,,97.379,113.203,77.783,0.728203952312
HOH,651.N,,124.943,85.545,105.334,0.444940775633
HOH,653.N,,97.773,114.458,94.929,0.794156730175
HOH,721.N,,94.53,111.381,127.121,0.742766439915
HOH,706.N,,109.823,90.05,93.126,0.862568080425
HOH,518.N,,85.96,84.006,97.726,0.810593426228
HOH,688.N,,104.694,124.429,80.243,0.533674836159
HOH,541.N,,77.613,100.704,104.683,0.881998360157
HOH,641.N,,94.007,86.284,103.508,0.684596121311
HOH,698.N,,100.109,88.019,118.917,0.813118457794
HOH,693.N,,91.0,112.03,92.685,0.705434501171
HOH,736.N,,75.047,74.105,115.004,0.158839076757
HOH,598.N,,108.83,89.633,129.36,0.886625230312
HOH,497.N,,89.581,106.517,94.345,0.875808060169
HOH,525.N,,82.158,86.795,115.747,0.909365355968
MG,454.N,,103.342,94.155,109.562,0.872494578362
MG,432.N,,116.274,94.347,135.843,0.834501743317
HOH,666.N,,113.945,96.515,102.897,0.85569435358
MG,424.N,,101.134,93.063,101.851,0.881424307823
HOH,731.N,,106.458,100.241,124.842,0.928062021732
HOH,581.N,,90.802,118.463,114.416,0.715362012386
HOH,675.N,,98.516,86.951,123.556,0.876370191574
HOH,656.N,,105.1,98.836,118.511,0.769564032555
MG,439.N,,87.093,101.018,109.742,0.744315683842
HOH,477.N,,108.333,117.746,80.908,0.656672716141
HOH,567.N,,109.321,93.178,127.394,0.766902923584
HOH,458.N,,92.669,108.703,94.907,0.926396965981
HOH,487.N,,88.997,101.18,98.114,0.837236583233
HOH,722.N,,70.466,102.705,104.245,0.794840693474
MG,444.N,,126.304,97.559,119.526,0.658959329128
MG,421.N,,90.833,95.801,103.235,0.855369031429
HOH,512.N,,103.462,95.567,105.183,0.862735450268
HOH,568.N,,90.093,83.902,106.169,0.884774029255
MG,410.N,,116.101,98.906,122.949,0.901998102665
HOH,627.N,,81.249,94.656,110.646,0.855578184128
HOH,582.N,,82.824,120.159,120.748,0.759094178677
HOH,461.N,,83.673,93.167,95.797,0.920928418636
HOH,519.N,,113.708,101.953,124.116,0.896992444992
HOH,566.N,,134.538,84.215,107.539,0.853246212006
HOH,533.N,,94.849,116.672,114.692,0.839047372341
HOH,554.N,,109.532,81.825,123.444,0.801229834557
HOH,580.N,,103.293,115.652,98.677,0.862860739231
HOH,638.N,,116.224,110.678,88.365,0.847072124481
HOH,682.N,,129.447,91.157,107.778,0.868528187275
HOH,702.N,,89.869,93.116,112.447,0.761670053005
HOH,700.N,,102.12,88.138,101.753,0.829403340816
MG,440.N,,121.408,104.079,90.874,0.894078314304
HOH,535.N,,91.873,104.293,111.66,0.838647663593
HOH,669.N,,77.181,82.637,87.351,0.812425076962
HOH,665.N,,83.338,106.343,111.002,0.792855381966
HOH,572.N,,87.197,92.934,106.631,0.83254802227
MG,438.N,,92.922,102.036,113.944,0.820710062981
HOH,673.N,,108.968,105.329,122.351,0.791843831539
HOH,639.N,,83.272,101.958,88.84,0.795362174511
HOH,558.N,,115.101,106.531,115.077,0.89620578289
MG,442.N,,118.09,106.666,118.227,0.878050923347
MG,449.N,,129.648,96.566,94.706,0.609345972538
HOH,508.N,,99.326,104.641,111.503,0.864122986794
HOH,680.N,,107.086,82.513,115.416,0.765874147415
HOH,631.N,,79.277,93.349,87.396,0.789259016514
HOH,615.N,,107.484,91.58,101.785,0.847185909748
HOH,686.N,,117.475,82.519,126.04,0.518827617168
HOH,569.N,,88.847,83.195,100.556,0.787374138832
HOH,618.N,,100.856,105.305,97.527,0.641387343407
HOH,695.N,,79.138,72.453,105.928,0.610896527767
HOH,599.N,,97.504,77.881,121.948,0.849858224392
HOH,704.N,,93.861,131.254,122.239,0.646213114262
HOH,499.N,,119.243,95.52,110.125,0.903376877308
MG,413.N,,91.781,91.087,98.818,0.827341377735
HOH,632.N,,120.96,84.365,106.156,0.634639143944
MG,430.N,,86.786,92.224,110.028,0.855949342251
MG,416.N,,106.548,92.248,94.797,0.929996788502
HOH,622.N,,72.674,96.081,105.019,0.799962580204
HOH,542.N,,90.543,91.638,95.219,0.795976340771
HOH,498.N,,98.472,93.22,99.063,0.936033904552
HOH,585.N,,98.537,91.981,103.881,0.777685284615
HOH,571.N,,90.55,92.908,105.214,0.850561201572
HOH,711.N,,87.707,81.625,91.615,0.772615611553
HOH,530.N,,89.145,94.088,101.583,0.79180431366
MG,434.N,,113.029,100.157,98.623,0.902921795845
HOH,480.N,,120.553,104.499,122.932,0.921971261501
HOH,689.N,,93.03,120.301,114.212,0.663321852684
HOH,634.N,,96.692,128.146,131.083,0.846801996231
HOH,608.N,,123.353,89.038,104.081,0.850913167
HOH,544.N,,115.772,85.941,117.82,0.828964173794
HOH,605.N,,84.625,90.831,89.992,0.667861938477
HOH,529.N,,105.082,103.087,113.436,0.816911101341
HOH,697.N,,98.016,122.214,134.14,0.738568663597
HOH,466.N,,85.051,97.24,95.944,0.904717087746
HOH,672.N,,103.615,106.881,119.547,0.622436642647
HOH,657.N,,104.396,113.391,96.641,0.724509119987
HOH,718.N,,101.819,115.972,117.424,0.680725574493
HOH,457.N,,94.082,104.252,108.526,0.940559864044
HOH,727.N,,124.839,87.774,93.703,0.812658727169
HOH,650.N,,84.739,84.556,117.154,0.781415998936
HOH,594.N,,94.74,93.553,108.537,0.856363177299
HOH,717.N,,121.525,103.317,105.916,0.602852523327
HOH,729.N,,93.692,122.389,133.443,0.77468419075
HOH,649.N,,101.002,116.82,113.872,0.863655865192
MG,420.N,,95.951,90.07,102.83,0.930681347847
HOH,534.N,,108.213,112.643,108.935,0.869655013084
HOH,460.N,,95.931,102.489,92.388,0.885063111782
HOH,658.N,,86.561,106.935,92.968,0.858701825142
HOH,587.N,,88.675,98.454,95.351,0.851352155209
MG,415.N,,92.004,96.897,107.56,0.834524452686
HOH,644.N,,108.482,104.838,81.552,0.779386401176
HOH,471.N,,104.576,107.716,94.028,0.899003207684
HOH,531.N,,94.264,116.097,102.46,0.894212961197
HOH,470.N,,101.629,98.759,101.225,0.862928152084
HOH,483.N,,75.328,88.747,109.18,0.849617183208
HOH,559.N,,85.455,116.399,116.922,0.76025724411
HOH,577.N,,86.405,113.304,94.904,0.824526131153
HOH,501.N,,87.707,106.182,111.408,0.751024961472
HOH,528.N,,109.311,94.037,119.478,0.869753181934
HOH,574.N,,100.069,116.941,110.367,0.712022900581
HOH,733.N,,105.622,106.256,122.677,0.823674440384
MG,433.N,,88.694,86.347,104.47,0.723523318768
HOH,463.N,,76.357,91.464,107.509,0.842908859253
HOH,593.N,,104.751,94.495,89.176,0.867069661617
HOH,647.N,,84.996,113.253,100.185,0.731599748135
HOH,645.N,,123.209,97.245,112.654,0.853906393051
HOH,488.N,,100.411,95.544,102.71,0.864674985409
HOH,576.N,,120.063,91.582,110.53,0.677196264267
MG,412.N,,83.206,91.351,103.192,0.724063038826
HOH,556.N,,113.573,103.362,101.977,0.779739975929
HOH,537.N,,102.982,102.186,112.416,0.835974812508
HOH,708.N,,74.134,106.376,101.243,0.410448431969
HOH,540.N,,86.588,82.541,94.546,0.797333240509
HOH,492.N,,106.885,98.754,110.648,0.917519271374
HOH,667.N,,81.526,92.446,88.4,0.866987705231
HOH,611.N,,83.469,109.346,101.888,0.904372751713
HOH,502.N,,85.549,99.625,103.788,0.856314480305
HOH,678.N,,106.509,115.247,99.863,0.783217728138
HOH,479.N,,86.106,101.082,96.062,0.904001533985
MG,418.N,,115.212,90.927,123.176,0.707901000977
HOH,484.N,,96.732,102.316,102.528,0.929593801498
HOH,674.N,,72.055,95.151,89.683,0.851186573505
