HOH,470.N,,119.926,98.852,124.086,0.761856019497
HOH,471.N,,94.083,104.252,108.526,0.926509976387
HOH,472.N,,92.669,108.704,94.907,0.904667019844
HOH,473.N,,103.389,103.604,95.941,0.925422012806
HOH,474.N,,95.931,102.489,92.388,0.837424993515
HOH,475.N,,83.673,93.167,95.797,0.870343983173
HOH,476.N,,89.958,93.126,98.182,0.759166002274
HOH,477.N,,76.357,91.464,107.51,0.85119998455
HOH,478.N,,84.802,94.804,97.699,0.878633022308
HOH,479.N,,106.582,108.313,107.118,0.934010982513
HOH,480.N,,85.051,97.24,95.944,0.872970998287
HOH,481.N,,104.708,102.02,91.012,0.902063012123
HOH,482.N,,105.847,98.663,101.51,0.765417993069
HOH,483.N,,113.633,104.134,106.49,0.882749021053
HOH,484.N,,101.629,98.759,101.225,0.667756974697
HOH,485.N,,104.577,107.716,94.029,0.915673971176
HOH,486.N,,116.091,88.941,123.246,0.829636991024
HOH,487.N,,106.903,101.459,112.313,0.875850975513
HOH,488.N,,95.992,105.689,103.429,0.918968975544
HOH,489.N,,89.664,107.976,103.67,0.836659014225
HOH,490.N,,101.628,109.079,94.439,0.83556497097
HOH,491.N,,108.333,117.746,80.908,0.608699023724
HOH,492.N,,114.123,90.808,124.91,0.735139012337
HOH,493.N,,86.106,101.082,96.062,0.825455009937
HOH,494.N,,120.553,104.499,122.933,0.939835011959
HOH,495.N,,113.765,98.223,138.254,0.727926015854
HOH,496.N,,114.491,95.577,125.975,0.895666003227
HOH,497.N,,75.329,88.747,109.18,0.733727991581
HOH,498.N,,96.733,102.316,102.528,0.843352019787
HOH,499.N,,75.847,98.26,95.295,0.818347990513
HOH,500.N,,96.959,96.321,99.219,0.89813798666
HOH,501.N,,88.997,101.18,98.114,0.777058005333
HOH,502.N,,100.411,95.544,102.71,0.706716001034
HOH,503.N,,104.951,107.903,116.562,0.833016991615
HOH,504.N,,100.135,108.908,98.537,0.931886970997
HOH,505.N,,75.793,94.707,105.925,0.844152987003
HOH,506.N,,106.885,98.754,110.648,0.866546988487
HOH,507.N,,105.895,105.092,99.115,0.797026991844
HOH,508.N,,118.899,87.683,129.213,0.853021979332
HOH,509.N,,92.047,114.45,109.917,0.790777981281
HOH,510.N,,111.342,91.842,120.948,0.900090992451
HOH,511.N,,89.581,106.517,94.345,0.826780021191
HOH,512.N,,98.473,93.22,99.063,0.894492983818
HOH,513.N,,119.243,95.52,110.125,0.80323600769
HOH,514.N,,103.149,99.906,85.568,0.559773027897
HOH,515.N,,87.707,106.182,111.409,0.705066025257
HOH,516.N,,85.549,99.625,103.788,0.717594981194
HOH,517.N,,105.609,85.954,130.033,0.803363025188
HOH,518.N,,103.085,110.004,84.73,0.825376987457
HOH,519.N,,112.174,108.065,99.685,0.74019998312
HOH,520.N,,111.267,96.551,127.249,0.589026987553
HOH,521.N,,85.788,91.76,93.033,0.789260029793
HOH,522.N,,99.326,104.642,111.503,0.8580930233
HOH,523.N,,124.46,101.967,121.517,0.68399900198
HOH,524.N,,88.474,95.92,97.513,0.824840009212
HOH,525.N,,110.766,94.291,96.283,0.813326001167
HOH,526.N,,103.462,95.567,105.183,0.720715999603
HOH,527.N,,112.04,99.259,120.873,0.80160599947
HOH,528.N,,112.502,91.113,114.426,0.828108012676
HOH,529.N,,74.31,85.032,110.516,0.678098976612
HOH,530.N,,111.162,104.624,132.389,0.748875021935
HOH,531.N,,73.679,99.147,103.619,0.751582980156
HOH,532.N,,85.96,84.006,97.726,0.63957798481
HOH,533.N,,113.708,101.953,124.116,0.74521201849
HOH,534.N,,82.116,100.924,105.942,0.828567028046
HOH,535.N,,100.219,98.787,109.151,0.887197971344
HOH,536.N,,86.892,86.964,95.618,0.744467973709
HOH,537.N,,108.217,88.924,123.389,0.592896997929
HOH,538.N,,107.077,94.277,109.23,0.799687981606
HOH,539.N,,82.159,86.795,115.748,0.864579021931
HOH,540.N,,98.957,114.706,112.389,0.765815973282
HOH,541.N,,89.305,98.739,102.103,0.84880399704
HOH,542.N,,109.311,94.037,119.479,0.842779994011
HOH,543.N,,105.082,103.087,113.436,0.818934977055
HOH,544.N,,89.145,94.089,101.583,0.870105028152
HOH,545.N,,94.264,116.097,102.46,0.875113010406
HOH,546.N,,105.548,94.006,103.732,0.877530992031
HOH,547.N,,94.849,116.672,114.692,0.759074985981
HOH,548.N,,108.213,112.643,108.936,0.756178021431
HOH,549.N,,91.873,104.293,111.66,0.82060199976
HOH,550.N,,116.225,84.997,123.969,0.747965991497
HOH,551.N,,102.982,102.186,112.417,0.825031995773
HOH,552.N,,103.706,91.129,100.558,0.81314098835
HOH,553.N,,83.857,96.405,93.692,0.662434995174
HOH,554.N,,86.588,82.541,94.546,0.677734017372
HOH,555.N,,77.613,100.704,104.684,0.752291977406
HOH,556.N,,90.543,91.638,95.219,0.824567973614
HOH,557.N,,84.352,76.007,105.201,0.70852202177
HOH,558.N,,115.773,85.941,117.82,0.882794976234
HOH,559.N,,129.165,89.14,97.398,0.875410020351
HOH,560.N,,109.808,110.393,108.864,0.899414002895
HOH,561.N,,99.976,102.247,100.288,0.71395200491
HOH,562.N,,104.543,115.412,114.928,0.750540971756
HOH,563.N,,103.492,105.4,115.489,0.798189997673
HOH,564.N,,113.903,87.32,113.393,0.680033028126
HOH,565.N,,87.221,103.233,93.953,0.78162997961
HOH,566.N,,119.146,88.048,119.443,0.438533008099
HOH,567.N,,70.608,91.85,93.098,0.694441020489
HOH,568.N,,109.532,81.825,123.444,0.799650013447
HOH,569.N,,110.64,110.519,111.403,0.82668697834
HOH,570.N,,113.573,103.362,101.977,0.709948003292
HOH,571.N,,110.7,86.908,114.879,0.746707975864
HOH,572.N,,115.101,106.531,115.077,0.904570996761
HOH,573.N,,85.455,116.399,116.922,0.799049973488
HOH,574.N,,113.336,94.435,122.574,0.858857989311
HOH,575.N,,109.793,90.764,116.864,0.803453028202
HOH,576.N,,104.993,111.023,93.659,0.750571012497
HOH,577.N,,92.676,114.295,123.05,0.789170026779
HOH,578.N,,114.861,85.541,121.598,0.900469005108
HOH,579.N,,104.288,88.255,133.324,0.720108985901
HOH,580.N,,134.538,84.215,107.539,0.820236027241
HOH,581.N,,109.321,93.178,127.395,0.532819986343
HOH,582.N,,90.093,83.902,106.169,0.796432971954
HOH,583.N,,88.847,83.195,100.556,0.705003023148
HOH,584.N,,84.149,107.846,108.237,0.866288006306
HOH,585.N,,104.324,106.675,97.428,0.725078999996
HOH,586.N,,90.55,92.908,105.215,0.827534973621
HOH,587.N,,87.197,92.934,106.632,0.651064991951
HOH,588.N,,105.379,99.234,114.049,0.720004022121
HOH,589.N,,100.07,116.941,110.367,0.584273993969
HOH,590.N,,102.203,92.509,93.208,0.835569024086
HOH,591.N,,120.064,91.582,110.529,0.669044971466
HOH,592.N,,86.405,113.304,94.904,0.890906989574
HOH,593.N,,114.606,113.063,90.769,0.704158008099
HOH,594.N,,117.583,105.906,124.611,0.56548500061
HOH,595.N,,103.293,115.652,98.677,0.740091979504
HOH,596.N,,90.802,118.463,114.416,0.808522999287
HOH,597.N,,82.824,120.159,120.748,0.609948992729
HOH,598.N,,96.264,105.007,87.775,0.832634985447
HOH,599.N,,100.063,101.339,111.134,0.806876003742
HOH,600.N,,98.537,91.981,103.881,0.758403003216
HOH,601.N,,94.455,77.988,116.052,0.83054202795
HOH,602.N,,88.675,98.454,95.351,0.873444020748
HOH,603.N,,88.888,82.172,98.197,0.702237010002
HOH,604.N,,122.093,100.605,118.362,0.809877991676
HOH,605.N,,87.769,84.763,112.22,0.783518016338
HOH,606.N,,122.866,91.254,130.808,0.723628997803
HOH,607.N,,86.81,80.458,97.05,0.589600026608
HOH,608.N,,104.751,94.495,89.176,0.771156013012
HOH,609.N,,94.741,93.553,108.537,0.845941007137
HOH,610.N,,103.386,89.647,94.011,0.751496016979
HOH,611.N,,100.025,116.051,92.453,0.876658976078
HOH,612.N,,101.302,113.598,120.287,0.742024004459
HOH,613.N,,108.831,89.634,129.36,0.908730983734
HOH,614.N,,97.504,77.881,121.948,0.745669007301
HOH,615.N,,106.635,91.205,105.613,0.922227978706
HOH,616.N,,115.579,109.463,91.89,0.882821023464
HOH,617.N,,95.222,116.978,109.033,0.868759989738
HOH,618.N,,105.642,101.577,84.022,0.76957398653
HOH,619.N,,127.595,104.017,96.427,0.659403026104
HOH,620.N,,84.625,90.831,89.992,0.771000981331
HOH,621.N,,98.459,124.292,124.015,0.622861981392
HOH,622.N,,95.814,99.057,113.556,0.762965977192
HOH,623.N,,123.353,89.038,104.081,0.791350007057
HOH,624.N,,77.914,98.88,89.483,0.726302981377
HOH,625.N,,98.76,94.814,89.397,0.747380971909
HOH,626.N,,83.47,109.346,101.888,0.831543028355
HOH,627.N,,75.691,101.812,96.099,0.83154797554
HOH,628.N,,93.756,97.737,111.825,0.848120987415
HOH,629.N,,115.573,99.078,102.052,0.742172002792
HOH,630.N,,107.484,91.58,101.785,0.720272004604
HOH,631.N,,88.522,98.564,109.515,0.805203974247
HOH,632.N,,91.841,99.327,111.399,0.84426099062
HOH,633.N,,100.856,105.305,97.527,0.707468986511
HOH,634.N,,106.756,105.071,77.812,0.747102022171
HOH,635.N,,86.729,119.755,116.33,0.488938987255
HOH,636.N,,115.651,89.283,134.738,0.853910982609
HOH,637.N,,72.674,96.081,105.02,0.623184978962
HOH,638.N,,71.233,85.652,100.945,0.79596298933
HOH,639.N,,105.644,110.212,119.467,0.784723997116
HOH,640.N,,124.946,98.057,118.235,0.661861002445
HOH,641.N,,101.004,103.77,114.213,0.791194975376
HOH,642.N,,116.507,99.661,105.133,0.579182982445
HOH,643.N,,81.249,94.656,110.646,0.716615021229
HOH,644.N,,116.095,103.753,136.61,0.597734987736
HOH,645.N,,122.245,93.732,117.229,0.821696996689
HOH,646.N,,130.144,91.291,122.582,0.649031996727
HOH,647.N,,79.277,93.35,87.396,0.73669397831
HOH,648.N,,120.961,84.364,106.156,0.343634009361
HOH,649.N,,95.698,128.223,123.524,0.456616997719
HOH,650.N,,97.43,107.625,85.371,0.538223981857
HOH,651.N,,96.692,128.146,131.083,0.802995979786
HOH,652.N,,100.722,107.367,118.493,0.836022973061
HOH,653.N,,91.672,107.366,116.258,0.793588995934
HOH,654.N,,106.647,117.801,91.754,0.690392971039
HOH,655.N,,83.272,101.958,88.84,0.774402022362
HOH,656.N,,116.224,110.679,88.365,0.757318019867
HOH,657.N,,130.567,85.842,117.489,0.728911995888
HOH,658.N,,94.009,86.289,103.505,0.467339992523
HOH,659.N,,98.79,102.64,114.96,0.806558012962
HOH,660.N,,93.567,113.501,90.494,0.674888014793
HOH,661.N,,95.808,91.504,90.893,0.798416018486
HOH,662.N,,108.482,104.838,81.553,0.594619989395
HOH,663.N,,123.209,97.245,112.654,0.826025009155
HOH,664.N,,86.811,83.922,88.251,0.734107017517
HOH,665.N,,84.996,113.253,100.185,0.637272000313
HOH,666.N,,110.412,101.197,122.426,0.87877702713
HOH,667.N,,101.002,116.821,113.872,0.604139983654
HOH,668.N,,84.739,84.556,117.155,0.703148007393
HOH,669.N,,128.964,84.463,120.45,0.741723001003
HOH,670.N,,124.944,85.545,105.335,0.285504996777
HOH,671.N,,116.455,104.69,82.259,0.595452010632
HOH,672.N,,97.774,114.457,94.929,0.712297022343
HOH,673.N,,79.734,83.673,86.011,0.519478976727
HOH,674.N,,73.532,84.992,114.178,0.678286015987
HOH,675.N,,105.1,98.837,118.511,0.631833970547
HOH,676.N,,104.396,113.391,96.641,0.746370017529
HOH,677.N,,86.561,106.935,92.968,0.837450027466
HOH,678.N,,95.941,118.171,106.006,0.62226498127
HOH,679.N,,112.03,112.108,80.204,0.812972009182
HOH,680.N,,122.297,95.057,100.838,0.859511017799
HOH,681.N,,103.636,95.313,114.851,0.633840978146
HOH,682.N,,121.327,103.619,112.5,0.631172001362
HOH,683.N,,126.21,101.662,135.639,0.540169000626
HOH,684.N,,102.341,116.019,95.681,0.843946993351
HOH,685.N,,83.338,106.343,111.002,0.647651016712
HOH,686.N,,113.945,96.515,102.897,0.846876978874
HOH,687.N,,81.526,92.446,88.401,0.797169983387
HOH,688.N,,105.185,92.249,117.718,0.754920005798
HOH,689.N,,77.181,82.637,87.352,0.73664700985
HOH,690.N,,104.709,103.924,118.881,0.834496021271
HOH,691.N,,74.02,76.071,101.473,0.858169972897
HOH,692.N,,103.616,106.882,119.547,0.5030580163
HOH,693.N,,108.968,105.329,122.351,0.785485029221
HOH,694.N,,72.056,95.151,89.683,0.63905698061
HOH,695.N,,98.517,86.951,123.556,0.662683010101
HOH,696.N,,107.375,86.036,113.558,0.426907986403
HOH,697.N,,80.265,96.722,113.684,0.722472012043
HOH,698.N,,106.295,97.43,120.642,0.588741004467
HOH,699.N,,106.509,115.247,99.864,0.71219098568
HOH,700.N,,90.244,77.711,104.972,0.757916986942
HOH,701.N,,107.087,82.513,115.416,0.727509021759
HOH,702.N,,130.123,100.798,124.857,0.823975026608
HOH,703.N,,129.416,97.203,133.116,0.449463009834
HOH,704.N,,129.442,91.151,107.772,0.356375008821
HOH,705.N,,99.715,88.809,126.234,0.882049977779
HOH,706.N,,90.072,98.625,90.26,0.687611997128
HOH,707.N,,108.593,121.963,85.595,0.426656991243
HOH,708.N,,114.49,110.765,110.272,0.812255978584
HOH,709.N,,117.475,82.519,126.041,0.347577005625
HOH,710.N,,92.458,74.878,110.936,0.578413009644
HOH,711.N,,104.694,124.43,80.243,0.449492007494
HOH,712.N,,93.031,120.301,114.212,0.398371994495
HOH,713.N,,96.346,99.256,90.236,0.80186098814
HOH,714.N,,101.918,96.041,83.901,0.424834996462
HOH,715.N,,113.12,109.205,112.218,0.833845019341
HOH,716.N,,91.0,112.03,92.685,0.369378000498
HOH,717.N,,76.047,101.23,107.831,0.809562027454
HOH,718.N,,79.138,72.453,105.928,0.370635986328
HOH,719.N,,103.598,73.532,112.591,0.578261971474
HOH,720.N,,98.016,122.214,134.14,0.417387008667
HOH,721.N,,100.11,88.019,118.917,0.822660028934
HOH,722.N,,136.242,98.874,98.982,0.483244985342
HOH,723.N,,102.12,88.139,101.753,0.731167018414
HOH,724.N,,104.368,97.549,109.139,0.792487978935
HOH,725.N,,90.274,114.643,94.952,0.668865025043
HOH,726.N,,89.869,93.116,112.447,0.710759997368
HOH,727.N,,101.099,104.13,117.858,0.643042981625
HOH,728.N,,89.522,88.554,94.036,0.625618994236
HOH,729.N,,93.861,131.254,122.239,0.0203489996493
HOH,730.N,,79.118,81.351,118.507,0.782849013805
HOH,731.N,,109.823,90.05,93.126,0.801791012287
HOH,732.N,,101.155,89.87,104.256,0.433407008648
HOH,733.N,,82.932,88.668,118.803,0.810347020626
HOH,734.N,,74.134,106.376,101.243,0.614768028259
HOH,735.N,,103.133,118.268,104.738,0.564543008804
HOH,736.N,,112.726,109.893,116.126,0.701017975807
HOH,737.N,,87.708,81.625,91.615,0.716113984585
HOH,738.N,,111.624,114.118,96.876,0.661450982094
HOH,739.N,,72.437,96.929,96.824,0.844732999802
HOH,740.N,,124.945,107.952,132.942,0.848991990089
HOH,741.N,,102.703,117.883,90.334,0.873275995255
HOH,742.N,,129.774,76.552,117.386,0.839452028275
HOH,743.N,,99.422,85.079,110.901,0.745097994804
HOH,744.N,,121.525,103.317,105.917,0.575493991375
HOH,745.N,,101.82,115.972,117.424,0.487522006035
HOH,746.N,,87.248,113.455,102.517,0.735593020916
HOH,747.N,,103.053,86.63,104.267,0.792981028557
HOH,748.N,,94.53,111.381,127.122,0.860253989697
HOH,749.N,,70.466,102.705,104.245,0.390632003546
HOH,750.N,,81.232,91.833,119.864,0.451743990183
HOH,751.N,,117.065,101.058,99.805,0.726586997509
HOH,752.N,,123.53,116.348,83.831,0.82177400589
HOH,753.N,,67.49,95.078,100.298,0.627952992916
HOH,754.N,,124.839,87.774,93.703,0.791844010353
HOH,755.N,,98.659,105.123,82.547,0.443026006222
HOH,756.N,,93.692,122.389,133.444,0.693102002144
HOH,757.N,,96.199,114.723,129.655,0.682429015636
HOH,758.N,,106.458,100.241,124.842,0.882547974586
HOH,759.N,,109.848,109.226,125.995,0.461540997028
HOH,760.N,,131.794,90.821,116.297,0.755680978298
HOH,761.N,,70.099,98.381,94.526,0.811407983303
HOH,762.N,,105.622,106.256,122.677,0.686554014683
HOH,763.N,,97.379,113.203,77.783,0.701964020729
HOH,764.N,,96.52,84.461,128.281,0.619332015514
HOH,765.N,,75.047,74.105,115.004,-0.562978982925
HOH,766.N,,95.874,91.561,105.372,0.856280982494
HOH,767.N,,122.518,98.284,115.399,0.691307008266
MG,409.N,,103.856,98.312,103.592,0.84115499258
MG,410.N,,116.102,98.906,122.95,0.91598200798
MG,411.N,,120.727,100.644,122.15,0.908825993538
MG,412.N,,83.206,91.351,103.192,0.737573027611
MG,413.N,,91.781,91.088,98.818,0.872165977955
MG,414.N,,106.149,102.028,99.69,0.63136702776
MG,415.N,,92.004,96.897,107.561,0.904969990253
MG,416.N,,106.548,92.248,94.798,0.906612992287
MG,417.N,,105.027,98.747,88.676,0.904004991055
MG,418.N,,109.605,104.426,99.036,0.827335000038
MG,419.N,,115.212,90.927,123.176,0.714200973511
MG,420.N,,79.515,97.715,103.333,0.868689000607
MG,421.N,,103.441,100.131,90.398,0.779204010963
MG,422.N,,110.558,90.807,124.558,0.660466015339
MG,423.N,,110.217,105.845,97.191,0.774098992348
MG,424.N,,95.951,90.07,102.831,0.913398981094
MG,425.N,,90.834,95.802,103.235,0.717293977737
MG,426.N,,121.009,97.084,117.79,0.748073995113
MG,427.N,,90.713,102.27,95.881,0.729874014854
MG,428.N,,101.134,93.063,101.851,0.856374979019
MG,429.N,,86.546,91.342,96.402,0.736173987389
MG,430.N,,118.357,91.38,107.698,0.61800301075
MG,431.N,,113.491,101.782,118.61,0.851723015308
MG,432.N,,120.155,101.996,136.539,0.762889027596
MG,433.N,,110.953,89.65,127.542,0.719144999981
MG,434.N,,106.863,116.324,103.79,0.77261197567
MG,435.N,,86.787,92.224,110.028,0.717157006264
MG,436.N,,125.915,102.651,125.805,0.667634010315
MG,437.N,,89.152,99.48,106.094,0.607194006443
MG,438.N,,83.223,94.011,108.291,0.757039010525
MG,439.N,,116.274,94.347,135.843,0.819200992584
MG,440.N,,87.674,93.174,102.902,0.803546011448
MG,441.N,,88.694,86.347,104.471,0.626828014851
MG,442.N,,113.029,100.157,98.623,0.882479012012
MG,443.N,,101.569,112.001,96.537,0.830754995346
MG,444.N,,80.169,107.755,106.544,0.919982016087
MG,445.N,,113.158,95.274,97.703,0.751516997814
MG,446.N,,92.922,102.036,113.945,0.834055006504
MG,447.N,,87.107,101.032,109.737,0.786679983139
MG,448.N,,130.967,93.916,104.763,0.761238992214
MG,449.N,,89.374,86.433,108.422,0.779579997063
MG,450.N,,121.408,104.079,90.874,0.852464973927
MG,451.N,,107.137,91.966,130.799,0.756990015507
MG,452.N,,92.204,88.986,103.954,0.69030302763
MG,453.N,,118.09,106.666,118.227,0.805531024933
MG,454.N,,113.515,97.159,105.1,0.677163004875
MG,455.N,,126.304,97.559,119.526,0.683686971664
MG,456.N,,94.403,96.725,90.934,0.831776022911
MG,457.N,,94.489,79.47,119.525,0.485973000526
MG,458.N,,119.538,104.182,115.996,0.548942029476
MG,459.N,,115.452,108.039,102.319,0.893917024136
MG,460.N,,126.733,102.648,88.58,0.760780990124
MG,461.N,,100.604,92.594,91.721,0.763350009918
MG,462.N,,129.649,96.566,94.706,0.289505004883
MG,463.N,,103.252,99.925,109.932,0.727971971035
MG,464.N,,83.39,119.481,115.583,0.210574999452
MG,465.N,,91.315,90.09,113.3,0.569594979286
MG,466.N,,122.781,90.831,112.634,0.525574982166
MG,467.N,,103.342,94.155,109.562,0.354333996773
MG,468.N,,96.465,84.339,109.987,0.349462985992
MG,469.N,,85.023,68.566,118.166,0.645458996296
