x,y,z
75.784256,76.67131,70.1934
75.1967,76.69137,69.98964
75.116425,77.10029,69.98096
75.618004,77.73071,69.48671
75.51951,75.63224,69.15831
74.484474,75.617775,68.81884
74.95545,76.52464,69.031364
75.185165,75.65033,68.73697
74.99329,75.24831,68.91097
74.37239,75.10558,68.94024
74.86088,75.69754,68.891685
74.904396,75.4972,69.08217
74.790405,75.585434,68.30476
74.492905,75.18239,68.69128
75.27073,74.90955,68.579544
75.720406,74.303,68.71265
74.900276,77.889496,69.53934
75.356,77.12127,69.61351
75.10907,77.53125,69.4464
75.08896,77.15822,69.79355
74.75682,77.035706,70.29942
74.973,76.91283,69.61244
74.94347,77.28162,69.619415
74.60442,77.06503,69.92917
74.31803,76.96952,69.810135
75.02884,77.059555,70.261406
75.52212,74.340294,71.10609
75.75385,75.10825,70.81259
75.73357,75.142586,70.76579
76.088715,74.46789,70.74779
75.68164,75.121475,70.75229
75.57153,75.09023,71.22558
75.67346,75.30981,70.877
75.166214,75.18676,71.16084
75.65831,74.96443,71.39857
75.77803,75.383705,71.382195
75.66958,75.23735,71.03023
75.61287,75.4396,71.16282
75.22133,75.1067,71.1339
75.38916,75.37283,71.06006
75.559395,74.835266,71.12703
75.438354,75.14076,71.35162
75.70634,75.19686,70.942505
75.551155,75.40549,70.99445
74.61749,73.00422,70.02058
74.36674,73.87609,69.80325
74.85147,73.79357,69.762886
74.80739,74.25607,69.95627
76.003815,74.684204,71.02219
75.57322,75.28195,71.23163
75.760086,74.71064,71.249565
75.95129,74.871704,71.13833
75.713196,73.56938,70.84864
75.81202,75.242455,70.846985
75.61942,75.617615,71.176575
75.72136,75.33886,71.47362
75.84682,75.16656,71.1795
75.96593,74.90598,70.939316
75.86774,74.63474,71.130646
76.010796,74.71938,70.83272
75.82421,74.46234,70.38432
75.73363,77.47096,72.2056
75.37573,74.06694,69.42194
75.41416,74.43652,70.06376
74.9909,74.439545,69.057396
75.8367,74.11703,69.406906
75.53879,74.55897,69.31822
75.288025,73.62989,69.16871
75.24171,74.80635,69.39301
75.429016,74.361885,69.65922
75.647415,74.00709,69.45154
75.2415,74.24567,69.18261
75.71981,73.888596,69.46299
75.42278,74.64949,69.60748
75.42598,74.572784,69.506485
75.29735,74.25459,69.22962
75.53845,74.23827,69.65362
75.670654,74.28846,69.3301
75.37176,74.15274,69.558525
75.50896,74.46686,69.51708
75.599205,73.56306,70.02167
75.72978,73.62232,69.54044
75.91266,73.578094,69.62198
75.45972,73.03922,69.693535
75.342545,74.30801,69.547554
75.54258,74.19942,69.73498
75.1797,74.496315,69.2981
75.26125,74.33221,69.09671
75.598694,74.25145,69.803535
75.49538,74.732994,69.54176
75.19928,74.613914,69.80027
75.87907,74.09205,70.23914
75.216736,74.45919,69.63131
75.27687,74.05095,70.062584
75.80963,74.43873,69.86017
75.64187,74.0543,69.74565
75.00882,73.65569,69.52774
75.63424,74.152214,69.06212
75.15478,74.39551,69.18407
75.56786,74.20386,69.61435
75.057816,74.53268,69.09572
75.52168,74.20293,69.31965
75.22614,73.85614,69.17652
75.466095,74.592896,69.12091
75.510574,74.638916,69.80261
75.497116,73.85553,69.73252
75.08001,74.35509,69.45684
75.431046,74.7425,69.630424
75.74406,73.621704,69.185486
75.2701,73.983154,69.72593
75.60348,74.36642,69.41693
75.69249,74.560684,69.371254
75.98417,74.72965,69.99669
75.55548,74.46399,69.68168
75.573784,74.39899,69.13431
75.11241,74.74674,69.5335
75.76402,74.269966,69.622925
74.9913,74.48182,69.52268
74.64176,74.62921,69.88839
75.362686,74.22738,70.15565
75.59146,74.49892,69.45913
76.084946,74.165985,69.72743
75.68144,74.28354,69.665855
74.93752,74.36928,69.41288
75.33983,73.92301,69.661804
75.42221,74.088234,69.588615
75.64143,74.27355,69.81968
75.252594,73.90583,69.53722
75.12467,74.49883,69.87941
75.069565,74.007805,69.31633
75.32628,74.24636,69.424866
75.299484,74.47376,68.88178
75.45421,74.376495,69.332954
75.5407,74.247375,69.54624
75.10518,74.33554,68.820946
75.89618,74.25379,69.507034
75.1419,74.59987,69.259315
75.4559,74.51818,69.5735
75.52797,74.41092,69.49082
75.895805,74.427025,70.065994
75.68065,74.04247,69.57639
75.62079,74.52261,69.39886
75.60902,74.842476,69.507355
75.53196,74.22806,69.083275
75.784454,74.27881,69.66541
75.551575,74.41352,69.720184
75.56233,74.386475,69.4618
76.1714,74.230545,69.59181
75.87613,74.14767,69.60707
75.32979,73.98367,69.496284
75.21476,74.15621,69.599365
74.59494,74.003944,69.09161
75.21702,73.92301,69.21959
74.82667,74.24411,69.323715
74.92742,75.01263,68.82838
75.50319,73.97423,69.48616
74.837685,74.64366,69.15963
75.613,73.64714,69.89164
74.5164,74.22894,68.91865
75.36957,73.741,69.721275
74.95534,74.80066,68.94531
75.42994,73.78008,69.671776
75.26083,74.05988,69.19814
74.60432,74.28693,69.324234
74.51121,73.597534,68.99314
75.020775,73.83931,69.18666
75.0972,74.05098,68.82061
74.90854,74.05183,69.00496
75.1441,73.9604,68.92147
75.006256,73.94603,69.77316
75.26667,74.17227,69.55472
75.40046,74.18862,68.850555
75.017845,74.39475,68.93384
75.10431,73.14693,69.49502
74.65682,74.4337,69.16285
75.16788,74.17793,69.668915
74.18636,74.56325,68.93279
75.329926,74.294846,69.97669
75.158745,74.37259,69.58186
74.87038,74.58085,69.001945
74.680786,74.35004,69.71984
75.182846,74.59966,69.38743
75.63475,74.68628,69.75262
75.11434,74.300674,69.63382
75.53475,74.18078,69.80593
75.44743,73.44779,69.38854
75.55099,74.262375,69.52565
75.530396,74.24252,69.916725
75.289825,73.84411,69.477516
75.75733,74.405106,69.2049
75.02843,74.45911,69.94235
75.46049,74.37866,69.66209
75.30067,74.53031,69.76704
75.49668,74.4213,69.86906
75.53755,74.2105,69.59439
75.5894,74.545235,69.91806
75.146706,74.10465,69.61521
75.61711,74.414734,69.71193
75.23625,74.54681,69.22372
75.30679,74.34922,69.64997
75.31022,74.72239,69.47289
74.93407,74.41425,69.1127
74.61498,74.44145,69.56119
75.403275,74.85009,69.51623
75.264,74.29799,69.28456
74.79663,74.574974,68.83731
75.711685,74.32048,69.37676
75.39321,74.63512,69.07691
75.30723,74.15864,69.4624
75.60912,74.31153,69.64187
75.43847,74.02627,69.988045
75.89273,73.803566,69.95751
75.32495,74.11689,69.96618
75.62023,74.18627,69.449036
75.49428,74.02963,69.59155
75.52546,74.30494,69.505356
75.1517,74.12294,69.67136
75.15136,74.38839,69.62456
75.88383,74.57266,69.605034
75.35109,74.33723,69.58526
75.56681,74.16913,69.69166
75.71517,74.57305,69.53636
75.19977,74.39645,69.62756
75.58933,74.496376,69.64911
75.09563,74.2134,69.46255
75.27056,74.48943,69.758064
74.2413,74.34683,69.36303
73.86693,74.35379,69.30295
75.47113,74.18625,68.97989
75.47054,74.946815,69.363396
74.44797,73.54293,68.83971
74.498405,73.72842,69.02681
74.917496,73.97098,69.42642
75.11782,74.434525,69.44191
73.88318,74.1668,69.64518
75.48164,74.06029,69.42435
74.84704,75.86592,69.41104
73.70723,74.10924,69.292175
74.495316,74.7091,69.58588
75.37511,74.593956,69.15684
74.046555,73.90647,69.14047
73.82821,74.89394,68.23089
74.32381,73.672455,68.958244
75.45887,75.2946,68.35178
74.87817,75.455246,68.73298
73.776474,75.71248,68.870384
75.4219,75.16931,68.60489
75.16951,75.19635,68.962616
75.75155,75.172935,68.976295
75.12423,75.13766,68.93763
74.90489,74.811165,68.74897
75.033165,74.65124,68.85158
74.77983,74.87841,68.87016
75.13003,74.90162,69.08682
75.64735,75.10922,68.66924
75.60954,75.40169,69.21825
74.88903,75.58766,68.49186
73.52442,74.4415,68.962364
74.86012,75.35188,68.380226
74.198395,75.13734,68.7186
75.07822,76.68996,69.86973
74.937355,76.709206,70.29253
74.939125,76.84229,70.03554
75.28826,78.00567,69.237045
75.16559,77.27217,69.86199
75.06767,77.09794,69.682465
74.91411,77.1113,69.646736
74.50852,77.315155,70.58099
74.56209,77.10872,70.38165
74.57826,77.30822,69.91765
74.66622,77.07016,69.32468
75.2603,77.2921,70.128914
74.81093,76.78892,69.705124
75.15267,77.18562,69.47543
74.802444,77.45691,69.663
74.78524,76.99421,69.77281
75.04556,77.141335,70.23078
74.73048,77.20448,70.09244
74.49753,77.47202,69.98769
74.90556,77.53332,69.550316
75.111946,77.110794,69.7279
75.13226,77.792,69.673874
74.55461,76.8486,69.69747
74.272545,77.17969,69.75062
74.64637,76.84337,69.36606
75.017586,77.42079,69.83685
75.24586,77.283035,69.67342
75.04933,77.38487,69.796196
74.78965,77.25621,70.0575
74.87682,76.97108,69.98538
75.49233,76.980835,70.55627
74.02399,77.40654,70.45725
75.72774,78.06366,70.47166
75.24305,77.4611,70.25126
75.18767,77.45415,70.613976
74.1181,76.623955,69.89423
75.038345,75.81902,68.4973
75.337555,76.85547,69.36804
74.38005,77.06032,69.65685
74.82505,77.29207,68.94845
75.12496,76.3563,68.96219
74.84161,77.05688,69.36009
74.80649,76.77779,69.81211
75.76926,77.14724,69.085915
75.21351,77.392136,70.188286
74.77738,77.409004,70.219955
74.77001,77.40286,69.52489
74.582985,77.35997,70.28727
74.74353,77.10792,70.03603
74.529236,77.62023,69.90721
74.43812,77.25743,70.13256
74.969574,76.807205,69.499176
75.727516,77.4729,69.92783
74.79175,77.520645,69.67176
75.38576,76.67287,70.324936
74.62289,77.536934,69.935165
74.42219,77.555,69.70581
74.92353,77.148285,69.9441
75.06754,77.5721,69.63527
74.77124,76.719376,69.53756
75.105865,77.891365,69.49572
74.91531,77.47325,69.48728
75.18972,77.11265,69.25652
74.86889,77.38371,69.184616
74.717926,77.09349,69.945694
74.406044,77.37204,69.06333
74.776115,77.29199,69.39348
75.54299,77.83474,69.049255
75.13082,77.47306,69.27225
75.11322,77.668335,69.65164
74.50956,75.741455,68.49859
74.716255,75.49004,68.5748
74.705986,75.87732,68.79705
74.45401,74.581856,68.37312
75.00985,75.69112,68.43852
75.18282,75.960144,68.8838
74.89115,75.3998,68.34769
74.61276,75.36177,68.72024
74.59372,75.65198,68.56146
74.90347,75.993256,68.893
75.11424,74.90639,68.11937
75.424706,75.36042,68.35613
74.81499,75.49047,68.452774
74.47839,74.89876,68.62457
74.15334,75.21934,68.79009
73.96893,74.73658,68.57612
74.90826,75.3544,68.25326
74.95736,75.76271,68.56944
75.249435,75.48648,68.50246
74.74209,75.32577,68.125725
74.77662,75.65058,68.61538
74.884,75.65441,68.51181
74.607956,75.74548,68.66396
75.1623,75.765144,68.43958
75.32311,76.972244,70.3419
75.152954,77.970634,69.6535
75.24224,77.40448,69.30231
74.890205,76.447945,69.03877
75.23785,76.195305,69.05187
74.67239,74.78268,68.11186
74.68108,75.26066,68.255165
75.12585,74.87393,68.60663
75.3154,75.34638,68.824554
74.218445,74.27637,69.04219
73.61774,75.2828,69.71109
74.87522,75.47264,69.189415
74.75632,75.52734,68.88011
74.75148,76.72562,69.85142
74.87399,74.379906,68.13014
75.035774,75.34745,68.6745
75.071915,75.40729,68.816414
75.04871,75.40173,68.8584
75.18829,74.73566,68.98309
74.97112,75.25681,69.33177
75.25387,75.618034,68.57213
75.64998,75.61579,68.66554
74.282135,75.20563,68.64733
73.78847,75.64571,69.36826
74.24686,76.491905,69.479065
74.55967,76.56847,69.43127
73.61611,75.261986,69.611275
74.41931,76.16881,68.69653
74.983536,75.99571,68.4876
74.773224,75.94418,68.55967
74.66444,75.685295,69.237305
74.85924,75.53901,68.88864
74.62097,75.53287,68.79535
74.62004,75.53208,69.16383
75.20541,75.26078,68.85653
75.143585,75.01683,68.88578
74.97578,75.18015,68.94142
74.1051,75.20396,69.092026
73.37358,75.09153,69.37436
73.74107,74.66945,69.3187
74.5538,76.9423,69.777306
75.30499,76.68566,70.000404
75.02284,76.903366,69.91719
74.31391,76.66287,69.12974
75.34233,76.60803,69.19768
75.32123,77.24706,69.3234
75.172935,77.15355,69.722755
74.9857,76.59167,69.520256
74.72038,75.9973,68.75753
75.11487,76.156525,68.61659
75.249664,76.783134,69.155655
75.32294,76.81944,69.320015
74.805885,77.03396,69.83018
74.80167,77.21548,69.70119
74.1397,76.68791,70.037674
75.457466,75.90244,68.690704
75.22586,76.22324,68.83513
75.04985,76.68777,69.078575
75.21938,76.53014,69.40211
75.28619,75.60291,68.82085
73.59225,76.34329,69.41828
75.12461,76.27225,69.33702
74.693954,76.85995,69.70053
74.897255,76.57062,69.687355
74.06822,76.2746,69.394615
73.04803,75.90012,69.36666
75.51625,76.54669,68.93322
75.3933,76.70236,70.00678
75.4756,76.67175,69.95341
75.63835,77.38366,69.074844
74.68118,76.74358,69.45733
75.81765,77.59588,69.42564
75.6156,77.590576,69.14992
74.69199,76.43789,69.391914
75.63871,77.453285,69.235664
75.09648,77.38991,69.049385
74.773254,76.69433,69.4409
75.47808,76.837074,69.9107
74.75641,76.243355,69.57158
75.291466,75.55484,68.85884
74.673134,76.48212,69.59585
74.713646,77.09202,70.0108
74.001335,75.89749,69.681435
74.27281,76.57668,69.48931
74.38772,75.38284,69.51412
74.00796,75.40915,69.17977
74.10253,75.27604,69.40593
74.36802,75.29399,69.298256
73.81766,76.36157,69.93657
74.84472,77.14118,70.227005
74.51623,75.36896,69.19373
74.346634,75.421104,69.292984
74.33067,75.10863,69.08102
74.36361,75.41846,69.350685
74.27954,75.355995,69.57336
74.39181,75.12965,68.649124
74.37936,75.7655,68.746124
74.22015,75.601166,69.18219
74.56658,75.30053,69.01453
74.66566,75.25448,69.48232
74.320045,75.29729,68.97042
75.02119,76.69078,69.55237
75.390366,76.5359,69.920944
75.608894,76.50651,70.40756
74.932335,76.74201,69.28806
75.4316,76.57021,69.75321
75.31566,76.80143,70.30977
75.057755,76.888855,69.84374
75.095024,76.49933,69.83048
75.17036,76.76918,70.49163
75.34138,76.68729,70.26665
75.0719,77.179825,70.32111
74.85568,76.61036,70.19192
75.19518,77.15541,70.46867
74.806274,76.71847,69.97706
75.88867,76.43253,70.05119
74.49922,76.3679,70.04866
74.568855,76.83445,70.31304
75.20001,77.07742,70.667114
74.42852,76.676125,69.97661
74.482445,77.227356,70.215454
74.36282,76.577446,69.94776
74.94223,77.37968,70.715225
75.272156,77.12427,70.447395
75.182785,76.125786,70.1872
75.03539,77.3978,70.46537
75.666794,77.187836,70.50406
75.42976,76.85498,71.00493
75.493034,76.847084,70.37608
75.42919,77.11958,70.41464
75.347305,77.84567,70.712906
74.60709,76.95638,70.445854
75.45911,77.23641,69.86975
75.68078,76.64406,70.42767
75.52416,76.826164,70.883545
75.52134,76.769936,70.14137
74.7539,76.4869,69.99111
75.04336,75.46783,69.274994
74.70994,75.70176,69.04552
74.76209,75.70545,69.04677
74.83244,74.854416,69.915016
75.40928,74.761,69.15324
74.69704,75.17239,69.44904
74.75959,74.88879,69.95126
75.17151,75.827446,68.8037
74.82968,75.686615,69.04827
74.58579,75.11385,69.40294
75.0408,75.73731,69.181946
75.001724,75.41994,68.96169
75.027176,75.10828,69.051796
73.527794,74.47717,69.251595
74.46359,75.74299,68.847725
74.81811,75.622055,69.1507
75.32746,74.989586,68.91723
74.59484,75.29575,68.42141
74.38719,74.96962,68.350624
74.36606,74.877075,68.32066
74.982666,75.872406,69.404305
75.11566,75.41717,68.58814
73.206696,74.69027,69.581795
74.394226,75.26522,69.14052
74.90248,75.72216,69.43866
75.15382,75.58792,68.514114
74.484146,73.80308,68.72786
75.02702,75.32861,68.94672
74.7508,73.69757,68.20414
74.88829,75.70727,69.03409
74.88516,76.72342,69.469734
74.881996,75.8088,69.32052
74.99275,75.36361,68.819214
74.14861,75.349464,68.896
75.08917,75.459236,68.95236
74.55664,75.11596,69.0609
75.1691,75.15627,68.968445
74.83938,75.39914,69.11552
74.545135,75.488464,69.24301
75.09277,75.51051,69.06535
75.09651,75.78693,68.91549
75.238266,75.466606,68.18099
74.95262,75.24627,68.73682
74.44779,75.387985,68.778725
74.9861,75.49426,68.68967
75.12086,75.21906,68.97055
74.56847,75.72437,68.62805
74.80374,75.465385,68.862526
75.12333,75.731064,69.16827
74.55803,75.41793,68.78823
75.143875,75.66471,68.83834
74.73285,75.54031,69.29791
75.069984,75.72504,69.00073
74.70819,75.2716,68.55623
75.41004,74.94458,68.54722
75.0557,75.10399,68.9584
75.05485,75.319,68.82806
75.46628,74.266716,68.16064
75.244514,75.509415,68.59611
74.82105,75.121445,69.47374
74.973366,74.75623,69.15276
74.67398,74.71774,68.98148
73.42092,73.31446,68.87014
75.195984,76.892,69.76981
75.40239,76.69535,69.72729
75.137436,76.00082,69.620766
75.24094,76.12932,69.81307
74.65429,76.42336,70.01447
74.81458,77.9133,69.69637
74.39739,77.76198,70.04234
75.182556,77.40643,69.72555
74.62022,77.10446,70.09661
75.1003,77.09372,69.785164
74.922455,77.00783,69.111626
75.07974,76.934525,69.076546
75.409325,77.45048,69.51435
75.30147,77.20036,69.6674
75.37496,76.7734,69.38655
74.81136,76.93152,68.403175
74.43777,76.696144,68.748795
75.057846,77.3821,69.58996
75.29779,76.35824,68.70879
74.82373,77.16336,68.96588
75.23702,76.49185,68.733536
74.68603,76.09466,68.636024
74.81095,76.660835,69.08572
75.006195,76.882996,69.3362
75.06219,77.580795,69.90031
75.597626,77.61528,69.627495
74.757324,76.3647,68.560555
75.30879,77.462975,69.18536
75.503075,77.52287,69.781654
75.74746,77.74324,69.42717
75.34824,77.33891,69.309425
74.88641,76.75777,69.137
74.19986,76.3882,68.7557
74.637474,77.09556,69.04259
75.10211,77.15505,69.3247
75.06323,77.00317,69.15342
74.354034,77.18656,69.46041
75.13967,77.22827,69.814095
75.17023,77.83427,69.1516
74.279,77.25205,69.422264
75.937546,75.478455,68.6358
73.7024,74.54633,69.00364
75.236206,75.19289,68.36084
75.27621,75.577194,68.45257
75.96702,75.82414,68.98296
75.4535,75.32256,68.91673
75.43134,75.528275,68.571724
75.46257,75.38873,68.50601
74.03129,75.050705,68.60731
75.49753,75.60616,68.28129
