simulation,other_atom,frame,x,y,z
n2rn1,39604_WAT,15,80.36728,67.68805,48.224064
n2rn1,39604_WAT,22,80.63221,67.795494,48.338936
n2rn1,39604_WAT,36,80.05253,67.403244,48.011208
n2rn1,39604_WAT,37,80.4528,67.692696,48.13924
n2rn1,39604_WAT,38,80.339195,67.45459,48.01848
n2rn1,39604_WAT,39,80.16017,67.80515,48.308014
n2rn1,39604_WAT,40,80.87258,67.633255,48.21947
n2rn1,39604_WAT,41,80.63786,67.63309,47.9695
n2rn1,39604_WAT,42,80.41116,67.78512,47.929146
n2rn1,39604_WAT,43,80.52196,67.66474,48.227448
n2rn1,39604_WAT,64,80.88789,67.20019,48.0297
n2rn1,39604_WAT,71,80.5229,67.7591,48.16524
n2rn1,39604_WAT,73,80.820694,67.40613,47.940887
n2rn1,39604_WAT,74,80.57766,68.01972,48.05192
n2rn1,39604_WAT,75,80.63836,67.53588,48.15634
n2rn1,39604_WAT,116,80.59825,67.74876,48.030388
n2rn1,39604_WAT,117,80.532845,67.750275,47.961304
n2rn1,39604_WAT,119,81.126755,67.43954,48.011143
n2rn1,39604_WAT,121,80.673615,67.460495,48.011726
n2rn1,39604_WAT,123,80.83099,67.426605,48.058086
n2rn1,39604_WAT,125,80.64167,67.70654,48.08046
n2rn1,39604_WAT,127,80.8008,67.180084,48.2945
n2rn1,39604_WAT,129,80.652794,67.370964,47.998962
n2rn1,39604_WAT,131,80.75496,67.4513,48.044403
n2rn1,39604_WAT,133,81.05235,67.61901,48.10251
n2rn1,39604_WAT,134,80.613335,67.61304,48.154606
n2rn1,39604_WAT,135,80.569534,67.43163,48.018673
n2rn1,39604_WAT,136,80.89895,67.406136,48.005947
n2rn1,39604_WAT,139,80.84819,67.57188,48.01736
n2rn1,39605_WAT,10,77.571815,64.84587,62.638622
n2rn1,39605_WAT,11,77.39249,64.81954,62.557068
n2rn1,39605_WAT,12,77.15449,64.82384,62.385075
n2rn1,39605_WAT,13,77.36958,65.165924,62.52145
n2rn1,39605_WAT,14,77.19093,64.84804,62.36893
n2rn1,39605_WAT,15,77.47705,64.33987,62.271503
n2rn1,39605_WAT,16,77.47099,65.39627,62.173294
n2rn1,39605_WAT,17,77.47073,65.31473,62.422215
n2rn1,39605_WAT,19,77.46968,65.06778,62.089844
n2rn1,39605_WAT,21,77.55175,65.20154,62.19464
n2rn1,39605_WAT,27,77.969955,65.08213,62.4959
n2rn1,39605_WAT,28,77.868515,64.59513,62.238457
n2rn1,39605_WAT,29,77.14913,64.62658,62.55751
n2rn1,39605_WAT,30,77.27222,64.91416,62.42971
n2rn1,39605_WAT,32,77.35532,65.10007,62.39087
n2rn1,39605_WAT,34,77.70204,64.80577,62.365417
n2rn1,39605_WAT,35,77.13148,64.99964,62.323032
n2rn1,39605_WAT,176,77.61186,64.978676,62.363663
n2rn1,39605_WAT,1,78.11488,64.96762,62.06477
n2rn1,39605_WAT,2,77.948814,65.19877,61.411842
n2rn1,39605_WAT,3,77.93492,65.03539,61.39948
n2rn1,39605_WAT,4,77.698204,65.04407,62.259422
n2rn1,39605_WAT,5,77.46903,64.782036,62.222107
n2rn1,39605_WAT,6,77.7154,65.00427,61.896988
n2rn1,39605_WAT,7,77.48838,64.65606,61.929016
n2rn1,39605_WAT,8,77.31875,64.85769,62.063995
n2rn1,39605_WAT,9,77.34099,64.634865,62.171844
n2rn1,39605_WAT,18,77.62943,65.044655,62.40884
n2rn1,39605_WAT,20,77.62042,64.667656,62.030796
n2rn1,39605_WAT,22,77.547905,65.068825,62.140644
n2rn1,39605_WAT,23,77.323746,64.66685,62.069336
n2rn1,39605_WAT,24,77.558945,64.59903,62.134052
n2rn1,39605_WAT,25,77.87373,65.18312,61.81095
n2rn1,39605_WAT,26,77.91056,65.03445,61.8196
n2rn1,39605_WAT,31,77.45404,65.00704,61.934364
n2rn1,39605_WAT,36,77.8138,64.97595,61.790855
n2rn1,39605_WAT,37,77.59494,64.7755,61.439487
n2rn1,39605_WAT,39,77.5524,64.77719,62.14482
n2rn1,39605_WAT,40,77.55673,64.894,62.07519
n2rn1,39605_WAT,41,77.86959,64.89497,61.951355
n2rn1,39605_WAT,42,77.37987,65.037445,62.13226
n2rn1,39605_WAT,43,77.37572,64.890076,62.155235
n2rn1,39605_WAT,44,77.737686,65.06858,62.38898
n2rn1,39605_WAT,45,77.682846,65.13173,62.542213
n2rn1,39605_WAT,46,77.573326,65.08328,62.251984
n2rn1,39605_WAT,47,77.86864,65.23086,61.90999
n2rn1,39605_WAT,48,77.50324,64.975266,62.026447
n2rn1,39605_WAT,49,77.44634,65.01556,62.295902
n2rn1,39605_WAT,50,77.66517,64.66269,62.192368
n2rn1,39605_WAT,51,77.530075,64.86157,62.232697
n2rn1,39605_WAT,52,77.565994,64.9589,62.17899
n2rn1,39605_WAT,53,77.41716,64.471405,62.53645
n2rn1,39605_WAT,54,77.457275,64.780975,62.198223
n2rn1,39605_WAT,55,77.50381,64.51238,61.96582
n2rn1,39605_WAT,56,77.54816,64.875984,62.052837
n2rn1,39605_WAT,58,77.88086,64.89563,61.817757
n2rn1,39605_WAT,59,77.76039,64.71971,62.16376
n2rn1,39605_WAT,60,77.66705,64.89625,62.306442
n2rn1,39605_WAT,61,77.49563,64.776054,61.743176
n2rn1,39605_WAT,62,77.623,64.285545,62.13389
n2rn1,39605_WAT,63,78.030945,64.63052,61.457615
n2rn1,39605_WAT,64,77.82605,64.66259,61.841057
n2rn1,39605_WAT,65,77.417496,64.78332,61.655346
n2rn1,39605_WAT,66,77.38602,64.613716,62.144474
n2rn1,39605_WAT,67,77.97406,64.8811,61.80683
n2rn1,39605_WAT,68,77.9156,64.89538,62.005516
n2rn1,39605_WAT,69,77.3953,64.81341,61.915474
n2rn1,39605_WAT,70,77.59159,64.448,61.79662
n2rn1,39605_WAT,71,77.90536,65.038025,62.122032
n2rn1,39605_WAT,72,77.70547,64.94466,62.152008
n2rn1,39605_WAT,74,77.66811,65.00242,62.47531
n2rn1,39605_WAT,75,77.72617,64.6687,62.1979
n2rn1,39605_WAT,76,78.06437,65.24954,62.245617
n2rn1,39605_WAT,77,77.66833,64.97415,62.24624
n2rn1,39605_WAT,78,77.63857,64.74191,61.9445
n2rn1,39605_WAT,79,77.93646,65.23832,62.43206
n2rn1,39605_WAT,80,77.73818,64.909805,62.115078
n2rn1,39605_WAT,81,77.368355,64.60706,61.86399
n2rn1,39605_WAT,82,77.668884,64.70786,61.504673
n2rn1,39605_WAT,83,77.62062,64.5933,62.02277
n2rn1,39605_WAT,84,77.42407,64.550705,61.788364
n2rn1,39605_WAT,85,77.63851,64.580246,61.945904
n2rn1,39605_WAT,86,77.61178,64.772804,61.800148
n2rn1,39605_WAT,87,77.45449,64.18916,61.913086
n2rn1,39605_WAT,88,77.46466,64.45443,62.261555
n2rn1,39605_WAT,89,77.84774,64.893295,61.427887
n2rn1,39605_WAT,90,77.83939,64.86073,61.743122
n2rn1,39605_WAT,91,77.34797,64.91235,62.33727
n2rn1,39605_WAT,93,77.60787,64.79255,62.139988
n2rn1,39605_WAT,94,77.62129,65.20002,62.378887
n2rn1,39605_WAT,96,77.64183,65.05026,62.179394
n2rn1,39605_WAT,97,77.38338,65.294395,62.610832
n2rn1,39605_WAT,98,77.59169,65.12779,61.446857
n2rn1,39605_WAT,99,77.82026,64.75507,62.151978
n2rn1,39605_WAT,100,77.775925,64.59302,62.064915
n2rn1,39605_WAT,101,77.56008,64.73408,61.97309
n2rn1,39605_WAT,102,77.70373,64.70113,62.20367
n2rn1,39605_WAT,103,77.936104,64.59054,62.057713
n2rn1,39605_WAT,104,77.697014,64.84172,62.076515
n2rn1,39605_WAT,105,77.53452,64.10443,61.69986
n2rn1,39605_WAT,106,77.66881,64.27648,61.75265
n2rn1,39605_WAT,107,77.55454,64.511406,61.924225
n2rn1,39605_WAT,108,77.8714,64.77486,62.19668
n2rn1,39605_WAT,109,77.58396,64.57393,62.314148
n2rn1,39605_WAT,110,77.57446,64.72103,62.040447
n2rn1,39605_WAT,111,77.35682,65.010506,62.037907
n2rn1,39605_WAT,113,77.807686,64.62804,62.29115
n2rn1,39605_WAT,114,77.648285,64.60047,61.57807
n2rn1,39605_WAT,115,77.67575,64.74448,61.878326
n2rn1,39605_WAT,129,77.449844,64.74464,61.909725
n2rn1,39605_WAT,130,77.32212,64.532814,61.906185
n2rn1,39605_WAT,131,77.492035,64.6071,62.16791
n2rn1,39605_WAT,132,77.50708,65.008484,62.28221
n2rn1,39605_WAT,134,77.94976,64.86427,61.93119
n2rn1,39605_WAT,135,77.72072,64.97144,62.210133
n2rn1,39605_WAT,136,77.59975,65.049446,61.66718
n2rn1,39605_WAT,137,77.687775,64.93047,61.87625
n2rn1,39605_WAT,138,77.57921,64.59558,62.214382
n2rn1,39605_WAT,139,77.73515,64.9725,61.801365
n2rn1,39605_WAT,140,77.778366,64.969055,61.94756
n2rn1,39605_WAT,141,78.00728,64.78482,61.374542
n2rn1,39605_WAT,142,77.25127,64.474335,62.055347
n2rn1,39605_WAT,144,77.86291,64.67849,61.759335
n2rn1,39605_WAT,145,77.50102,64.55179,61.88613
n2rn1,39605_WAT,146,77.5344,64.92919,62.130672
n2rn1,39605_WAT,147,77.54311,64.80308,62.26047
n2rn1,39605_WAT,148,77.82193,65.012924,61.924015
n2rn1,39605_WAT,149,77.48263,64.86652,62.32595
n2rn1,39605_WAT,152,77.81439,64.89135,62.093296
n2rn1,39605_WAT,153,77.5778,64.93769,62.398003
n2rn1,39605_WAT,155,77.546036,64.87449,61.913708
n2rn1,39605_WAT,156,77.445465,64.98222,62.386093
n2rn1,39605_WAT,157,77.6978,64.95473,62.05169
n2rn1,39605_WAT,158,77.29861,64.38497,61.599308
n2rn1,39605_WAT,159,77.426926,64.720856,62.17052
n2rn1,39605_WAT,160,76.990585,64.7579,61.770325
n2rn1,39605_WAT,172,77.721016,65.01162,62.352097
n2rn1,39605_WAT,175,77.671844,64.7986,61.80299
n2rn1,39687_WAT,18,66.367,89.84133,48.807613
n2rn1,39687_WAT,19,65.860146,89.410706,49.2932
n2rn1,39687_WAT,21,65.76695,89.505295,49.016106
n2rn1,39687_WAT,23,65.30224,88.56973,48.308018
n2rn1,39687_WAT,24,65.06285,89.321785,48.568916
n2rn1,39687_WAT,25,66.16716,88.77648,48.939926
n2rn1,39687_WAT,26,66.21775,88.60965,48.898857
n2rn1,39687_WAT,27,66.158005,89.19479,48.894073
n2rn1,39687_WAT,28,66.02715,88.52637,48.904484
n2rn1,39687_WAT,29,66.70278,89.10872,49.083607
n2rn1,39687_WAT,30,66.33157,88.73688,49.1765
n2rn1,39687_WAT,31,66.22805,88.80597,49.15153
n2rn1,39687_WAT,32,66.43995,88.62975,48.990494
n2rn1,39687_WAT,33,66.42271,88.60516,48.797207
n2rn1,39687_WAT,34,66.160065,88.8513,49.054287
n2rn1,39687_WAT,35,66.58924,88.782036,49.009056
n2rn1,39687_WAT,36,66.36945,88.943924,48.796482
n2rn1,39687_WAT,37,66.41373,88.85664,49.415043
n2rn1,39687_WAT,38,66.30823,88.60207,49.11265
n2rn1,39687_WAT,39,65.66861,89.134926,48.74127
n2rn1,39687_WAT,40,66.04352,89.029015,48.4237
n2rn1,39687_WAT,41,66.110214,89.033875,49.017273
n2rn1,39687_WAT,42,66.02251,88.99861,48.834953
n2rn1,39687_WAT,43,66.259995,88.884605,49.111965
n2rn1,39687_WAT,44,66.15873,88.895905,48.83509
n2rn1,39687_WAT,45,65.88786,89.02403,48.77666
n2rn1,39687_WAT,46,65.42226,88.9711,49.187115
n2rn1,39687_WAT,47,65.94006,89.05879,49.3823
n2rn1,39687_WAT,48,66.04838,89.12246,48.763584
n2rn1,39687_WAT,49,66.16468,88.88235,49.140285
n2rn1,39687_WAT,50,65.98992,88.84953,48.964264
n2rn1,39687_WAT,51,66.01894,88.87682,48.553867
n2rn1,39687_WAT,52,66.00627,89.32065,48.58034
n2rn1,39687_WAT,53,66.232216,88.9346,49.126354
n2rn1,39687_WAT,54,65.72681,88.958824,48.664684
n2rn1,39687_WAT,55,66.0652,89.079445,48.496544
n2rn1,39687_WAT,56,65.79748,88.73747,48.6071
n2rn1,39687_WAT,57,66.01652,88.97319,49.081448
n2rn1,39687_WAT,58,66.16141,88.82036,48.97301
n2rn1,39687_WAT,59,66.053535,88.88215,49.066715
n2rn1,39687_WAT,60,66.01149,88.95337,49.106182
n2rn1,39687_WAT,61,66.39348,89.48559,48.87311
n2rn1,39687_WAT,62,66.35667,89.27381,48.4046
n2rn1,39687_WAT,63,65.96129,89.4515,48.66352
n2rn1,39687_WAT,64,66.18679,89.3076,48.63666
n2rn1,39687_WAT,65,65.934906,89.0925,48.743977
n2rn1,39687_WAT,66,66.11132,88.95287,48.913895
n2rn1,39687_WAT,67,66.141594,88.64044,48.96013
n2rn1,39687_WAT,68,65.93264,88.62941,49.092808
n2rn1,39687_WAT,69,66.053116,88.60022,48.95057
n2rn1,39687_WAT,72,66.24662,89.073654,48.7048
n2rn1,39687_WAT,73,66.12804,88.91893,48.91613
n2rn1,39687_WAT,74,66.26887,89.373405,48.961082
n2rn1,39687_WAT,76,66.01099,89.17341,48.53632
n2rn1,39687_WAT,77,66.32069,89.23142,48.88086
n2rn1,39687_WAT,78,66.03023,89.2306,48.70282
n2rn1,39687_WAT,79,65.90631,88.79554,48.95717
n2rn1,39687_WAT,80,65.92396,89.10829,48.938976
n2rn1,39687_WAT,81,66.03095,89.40395,48.524265
n2rn1,39687_WAT,82,66.3518,89.14223,49.016346
n2rn1,39687_WAT,83,66.324844,89.11917,48.661987
n2rn1,39687_WAT,84,66.38766,88.86505,48.592953
n2rn1,39687_WAT,85,66.256714,89.2002,48.804173
n2rn1,39687_WAT,86,66.08097,88.89858,48.76493
n2rn1,39687_WAT,87,66.09733,88.94633,48.522446
n2rn1,39687_WAT,88,66.09293,89.28095,48.738354
n2rn1,39687_WAT,89,66.177315,89.09197,48.824635
n2rn1,39687_WAT,90,66.37537,88.924126,48.673195
n2rn1,39687_WAT,91,65.830444,89.021194,48.53962
n2rn1,39687_WAT,92,66.31753,89.08578,48.74265
n2rn1,39687_WAT,93,66.28908,89.139015,48.766365
n2rn1,39687_WAT,94,66.26446,89.07729,48.60638
n2rn1,39687_WAT,95,66.35871,89.0583,48.561558
n2rn1,39687_WAT,96,66.108055,89.16825,48.67088
n2rn1,39687_WAT,97,65.723526,88.53516,48.111946
n2rn1,39687_WAT,99,66.71136,89.2284,49.10217
n2rn1,39687_WAT,100,66.08427,88.92415,48.541054
n2rn1,39687_WAT,101,66.317406,89.178505,48.83443
n2rn1,39687_WAT,102,66.18384,88.7625,48.448196
n2rn1,39687_WAT,103,66.478615,89.12011,48.886036
n2rn1,39687_WAT,105,66.38948,88.7703,49.032505
n2rn1,39687_WAT,106,66.58638,89.27806,48.85183
n2rn1,39687_WAT,107,66.199,89.01208,48.891167
n2rn1,39687_WAT,108,66.21497,88.960045,48.809635
n2rn1,39687_WAT,109,66.23402,88.705284,48.810276
n2rn1,39687_WAT,110,66.21904,88.921776,48.996075
n2rn1,39687_WAT,111,66.216484,88.94556,48.735077
n2rn1,39687_WAT,112,66.002625,89.121,48.37216
n2rn1,39687_WAT,113,65.783966,88.55573,48.31753
n2rn1,39687_WAT,115,65.5406,88.32158,48.19463
n2rn1,39687_WAT,116,65.67504,88.64518,48.400364
n2rn1,39687_WAT,117,65.27743,88.10701,48.09291
n2rn1,39687_WAT,118,65.78457,88.089386,48.005642
n2rn1,39687_WAT,119,66.00463,88.40102,47.95176
n2rn1,39687_WAT,120,65.88822,88.63902,47.99585
n2rn1,39687_WAT,121,65.81266,88.47508,48.20561
n2rn1,39687_WAT,122,65.71685,88.40613,48.245865
n2rn1,39687_WAT,123,65.77728,88.26794,48.16579
n2rn1,39687_WAT,125,66.37507,88.76657,47.8634
n2rn1,39687_WAT,126,66.39939,88.30315,47.82726
n2rn1,39687_WAT,127,66.25494,88.41378,47.90954
n2rn1,39687_WAT,128,65.929,88.39905,47.77788
n2rn1,39687_WAT,129,65.67123,88.5639,47.86167
n2rn1,39687_WAT,130,65.69791,88.63187,47.932602
n2rn1,39687_WAT,131,65.23866,88.19934,48.00637
n2rn1,39687_WAT,132,65.47223,88.23003,47.739166
n2rn1,39687_WAT,133,65.24488,88.42653,48.191257
n2rn1,39687_WAT,134,65.769745,88.190094,47.868492
n2rn1,39687_WAT,135,65.7753,88.302025,47.78977
n2rn1,39687_WAT,136,65.48132,88.54475,47.68831
n2rn1,39687_WAT,137,65.733185,88.58104,47.82026
n2rn1,39687_WAT,138,65.56844,88.46515,47.892822
n2rn1,39687_WAT,139,65.68787,87.813736,48.195717
n2rn1,39687_WAT,140,65.443855,88.2431,47.765133
n2rn1,39687_WAT,141,65.46468,88.66757,48.321632
n2rn1,39687_WAT,142,65.66583,88.103,48.01086
n2rn1,39687_WAT,143,65.425865,88.51111,47.980434
n2rn1,39687_WAT,144,65.283134,88.21097,47.899006
n2rn1,39687_WAT,145,65.65731,88.697075,48.018055
n2rn1,39687_WAT,146,65.34427,88.60658,47.872665
n2rn1,39687_WAT,147,65.57521,88.46477,47.544926
n2rn1,39687_WAT,148,65.236755,88.50219,48.001595
n2rn1,39687_WAT,149,65.53749,88.40826,47.72022
n2rn1,39687_WAT,150,65.030945,88.00438,47.78597
n2rn1,39687_WAT,151,65.390564,88.25112,47.91339
n2rn1,39687_WAT,152,65.50953,88.38953,47.700474
n2rn1,39687_WAT,153,65.15557,88.39354,47.879112
n2rn1,39687_WAT,154,65.36325,88.92406,47.901688
n2rn1,39687_WAT,155,65.51482,88.92682,47.81321
n2rn1,39687_WAT,156,65.48534,88.33159,47.59463
n2rn1,39687_WAT,157,65.236664,88.33952,47.76414
n2rn1,39687_WAT,158,65.36833,88.23893,47.686672
n2rn1,39687_WAT,159,65.97762,88.643555,48.027477
n2rn1,39687_WAT,160,65.4629,88.45915,47.861904
n2rn1,39687_WAT,172,65.76518,88.766716,47.528454
n2rn1,39687_WAT,173,65.50923,88.59862,48.081127
n2rn1,39687_WAT,174,65.30656,88.62601,47.91916
n2rn1,39687_WAT,175,65.37574,88.47721,48.30287
n2rn1,39687_WAT,176,65.23549,88.95663,47.843212
n2rn1,39687_WAT,0,64.36949,88.98,48.413403
n2rn1,39687_WAT,1,64.97605,89.23065,48.05596
n2rn1,39687_WAT,2,64.74848,88.832634,48.489418
n2rn1,39687_WAT,3,64.41345,88.9089,48.65765
n2rn1,39687_WAT,4,64.82241,88.81274,48.20443
n2rn1,39687_WAT,5,63.85063,89.61749,48.357113
n2rn1,39687_WAT,6,63.128304,88.81799,48.046127
n2rn1,39687_WAT,7,65.13048,89.16539,48.376163
n2rn1,39687_WAT,8,64.86212,89.12456,48.409664
n2rn1,39687_WAT,9,64.90631,88.967094,48.128384
n2rn1,39687_WAT,11,64.80869,88.472534,48.490482
n2rn1,39687_WAT,12,65.099846,89.063705,48.312977
n2rn1,39687_WAT,13,64.612206,89.29913,47.904026
n2rn1,39687_WAT,14,65.37127,88.545784,48.080715
n2rn1,39687_WAT,15,63.6341,89.67503,47.778355
n2rn1,39687_WAT,16,64.71716,89.95717,48.183605
n2rn1,39687_WAT,17,65.17802,89.36575,48.69023
n2rn1,39687_WAT,20,64.86068,89.27487,48.635757
n2rn1,39687_WAT,22,65.31406,90.05735,48.329838
n2rn1,39687_WAT,70,65.773384,88.69326,48.713356
n2rn1,39687_WAT,71,65.404686,88.31256,48.328228
n2rn1,39687_WAT,75,66.23359,89.32413,48.559635
n2rn1,39722_WAT,54,80.341896,86.0836,48.650127
n2rn1,39722_WAT,55,80.54162,85.869415,48.509453
n2rn1,39722_WAT,56,80.59873,85.96863,48.365273
n2rn1,39722_WAT,58,80.64732,86.32007,48.1423
n2rn1,39722_WAT,60,80.88733,85.86279,47.981636
n2rn1,39722_WAT,61,80.91291,86.03877,48.279568
n2rn1,39722_WAT,62,81.40216,85.70038,48.386868
n2rn1,39722_WAT,63,81.127525,85.824104,48.246586
n2rn1,39722_WAT,64,80.8341,86.11168,48.161106
n2rn1,39722_WAT,65,81.279045,85.70084,48.43831
n2rn1,39722_WAT,66,80.720665,86.111595,48.29346
n2rn1,39722_WAT,67,80.49537,85.60098,48.71435
n2rn1,39722_WAT,130,81.14503,85.86699,48.70007
n2rn1,39722_WAT,132,80.78135,85.62501,48.86277
n2rn1,39722_WAT,133,80.65095,86.04487,48.609535
n2rn1,39722_WAT,134,80.8926,86.08816,48.268093
n2rn1,39722_WAT,136,80.43559,86.43922,48.398766
n2rn1,39722_WAT,137,80.93588,85.670044,48.394505
n2rn1,39722_WAT,138,81.04632,85.860794,48.551296
n2rn1,39722_WAT,139,80.70075,85.99601,48.385563
n2rn1,39722_WAT,141,80.625984,85.73534,48.711983
n2rn1,39722_WAT,142,80.94195,85.685265,48.62975
n2rn1,39722_WAT,146,80.67478,85.94858,48.670456
n2rn1,39722_WAT,147,80.54234,85.80703,48.67412
n2rn1,39722_WAT,148,80.95369,86.12367,48.27353
n2rn1,39722_WAT,150,80.97327,85.796486,48.455223
n2rn1,39722_WAT,151,80.8977,85.95818,48.35691
n2rn1,39722_WAT,152,80.94759,85.9091,48.637314
n2rn1,39722_WAT,154,80.69821,85.82802,48.550697
n2rn1,39722_WAT,156,80.93157,85.7792,48.33309
n2rn1,39722_WAT,157,80.337555,86.07734,48.717854
n2rn1,39722_WAT,158,80.50197,86.0887,48.47891
n2rn1,39727_WAT,0,60.900055,90.39326,50.292812
n2rn1,39727_WAT,1,61.257877,90.27334,49.904274
n2rn1,39727_WAT,2,61.182133,90.54819,49.88622
n2rn1,39727_WAT,3,61.05495,90.34483,50.614883
n2rn1,39727_WAT,4,61.08625,90.209076,49.957928
n2rn1,39727_WAT,5,60.704685,90.97212,50.406082
n2rn1,39727_WAT,6,61.81143,91.04925,51.588192
n2rn1,39727_WAT,7,62.134014,90.95951,49.91272
n2rn1,39727_WAT,8,61.6139,90.733604,50.017635
n2rn1,39727_WAT,9,61.94386,90.44903,49.948982
n2rn1,39727_WAT,10,61.89983,89.895874,50.062473
n2rn1,39727_WAT,11,61.954987,90.149796,49.87432
n2rn1,39727_WAT,12,62.30318,90.41333,50.11167
n2rn1,39727_WAT,13,61.721397,89.867485,50.402206
n2rn1,39727_WAT,14,61.98798,89.682205,49.34554
n2rn1,39727_WAT,15,62.231987,90.71159,51.313774
n2rn1,39727_WAT,16,61.96241,90.53802,50.576077
n2rn1,39727_WAT,17,60.952267,89.17139,49.65161
n2rn1,39727_WAT,18,62.564484,89.64292,49.0534
n2rn1,39727_WAT,20,62.368984,90.64432,50.49799
n2rn1,39727_WAT,21,62.180504,90.236984,49.34432
n2rn1,39727_WAT,22,61.885963,90.04132,50.424175
n2rn1,39727_WAT,24,61.78883,90.24298,49.942562
n2rn1,39727_WAT,25,62.655544,89.28422,48.52103
n2rn1,39727_WAT,26,62.376766,88.931404,49.23158
n2rn1,39727_WAT,27,61.99628,88.411095,48.626896
n2rn1,39727_WAT,28,62.829487,89.42688,48.98448
n2rn1,39727_WAT,29,62.88528,88.45149,48.651726
n2rn1,39727_WAT,30,62.660385,88.46216,48.47077
n2rn1,39727_WAT,31,62.460777,88.78123,48.64628
n2rn1,39727_WAT,32,62.686447,88.625114,48.92785
n2rn1,39727_WAT,34,62.730633,89.19598,48.81857
n2rn1,39727_WAT,36,62.77131,89.279594,48.760483
n2rn1,39727_WAT,38,62.74032,88.86389,48.824844
n2rn1,39727_WAT,39,62.018623,89.26597,48.55325
n2rn1,39727_WAT,40,62.26716,89.23531,48.34728
n2rn1,39727_WAT,41,62.342045,88.8686,48.63978
n2rn1,39727_WAT,42,62.041637,89.112366,48.552616
n2rn1,39727_WAT,43,62.611626,89.403496,49.134995
n2rn1,39727_WAT,44,62.181896,88.713615,48.44014
n2rn1,39727_WAT,45,62.070045,89.65348,48.940845
n2rn1,39727_WAT,47,62.676193,89.56539,48.7967
n2rn1,39727_WAT,48,62.236134,89.24944,49.36918
n2rn1,39727_WAT,49,62.678295,89.21671,49.031635
n2rn1,39727_WAT,50,62.449738,89.50741,48.72947
n2rn1,39727_WAT,51,62.541954,89.78957,48.942924
n2rn1,39727_WAT,52,62.33399,89.26558,49.36894
n2rn1,39727_WAT,53,62.396793,88.93909,48.815853
n2rn1,39727_WAT,54,62.24555,89.46749,48.82937
n2rn1,39727_WAT,55,62.192055,89.092804,48.948826
n2rn1,39727_WAT,56,62.043045,89.22009,48.805717
n2rn1,39727_WAT,57,62.60366,89.6849,48.777534
n2rn1,39727_WAT,58,63.015205,89.89981,48.681984
n2rn1,39727_WAT,59,62.570988,89.48167,48.592884
n2rn1,39727_WAT,60,62.307865,89.13514,48.869434
n2rn1,39727_WAT,61,62.510662,89.00309,48.466377
n2rn1,39727_WAT,62,62.80568,89.3864,48.62112
n2rn1,39727_WAT,63,62.247795,89.164375,48.574924
n2rn1,39727_WAT,65,62.157616,89.2005,48.92662
n2rn1,39727_WAT,66,62.531322,89.10356,48.710228
n2rn1,39727_WAT,67,62.410362,88.86657,49.06413
n2rn1,39727_WAT,68,62.27281,88.977875,49.33022
n2rn1,39727_WAT,69,61.963844,88.39396,49.496284
n2rn1,39727_WAT,70,62.007816,89.14137,49.073776
n2rn1,39727_WAT,71,61.82639,89.1191,49.597958
n2rn1,39727_WAT,72,62.4223,88.84017,49.30684
n2rn1,39727_WAT,73,62.62013,89.528435,48.545902
n2rn1,39727_WAT,74,62.28545,88.826035,48.375347
n2rn1,39727_WAT,75,62.62008,89.23956,48.43801
n2rn1,39727_WAT,76,62.66503,89.76613,48.515656
n2rn1,39727_WAT,77,62.587425,88.787506,48.52822
n2rn1,39727_WAT,78,62.436745,89.437195,48.358482
n2rn1,39727_WAT,80,62.240807,89.48977,48.512318
n2rn1,39727_WAT,81,62.543625,89.400475,48.637474
n2rn1,39727_WAT,82,62.89903,89.576645,47.848213
n2rn1,39727_WAT,83,62.73012,89.33723,48.18204
n2rn1,39727_WAT,84,62.93434,89.45902,48.109245
n2rn1,39727_WAT,85,63.095634,89.65469,48.023018
n2rn1,39727_WAT,86,62.679012,89.69753,48.551254
n2rn1,39727_WAT,87,62.740475,89.39459,48.532875
n2rn1,39727_WAT,88,62.063446,89.10461,48.158222
n2rn1,39727_WAT,89,63.399487,90.2312,48.274467
n2rn1,39727_WAT,90,62.965786,89.38189,48.26505
n2rn1,39727_WAT,91,62.79013,90.32586,48.38281
n2rn1,39727_WAT,92,62.943466,89.5721,48.219517
n2rn1,39727_WAT,93,62.51747,89.27817,48.40099
n2rn1,39727_WAT,95,62.642857,89.140434,48.00325
n2rn1,39727_WAT,96,62.616417,89.58675,48.434166
n2rn1,39727_WAT,97,63.059315,90.0133,48.061188
n2rn1,39727_WAT,99,63.48658,89.79485,47.688057
n2rn1,39727_WAT,101,62.968224,89.63607,48.11396
n2rn1,39727_WAT,102,62.76192,89.10319,48.2185
n2rn1,39727_WAT,103,62.905933,89.37637,48.181637
n2rn1,39727_WAT,104,62.974384,89.85604,48.440365
n2rn1,39727_WAT,105,63.111065,89.662476,47.99094
n2rn1,39727_WAT,106,63.024487,89.76374,47.932293
n2rn1,39727_WAT,107,62.946777,89.99049,47.7697
n2rn1,39727_WAT,108,62.79459,89.72993,47.822292
n2rn1,39727_WAT,109,63.066757,89.77179,48.182926
n2rn1,39727_WAT,110,62.75977,89.341545,48.01324
n2rn1,39727_WAT,111,62.601692,89.32348,48.30309
n2rn1,39727_WAT,112,62.63754,89.93251,48.481804
n2rn1,39727_WAT,113,62.76733,89.68231,48.865734
n2rn1,39727_WAT,114,62.946762,89.75237,48.347794
n2rn1,39727_WAT,115,62.72599,90.261116,48.441833
n2rn1,39727_WAT,116,63.206963,90.579765,48.592175
n2rn1,39727_WAT,117,62.53629,89.76166,48.979458
n2rn1,39727_WAT,118,63.2513,89.9572,48.343426
n2rn1,39727_WAT,119,62.97235,89.38172,48.32318
n2rn1,39727_WAT,120,62.97851,89.88997,48.431084
n2rn1,39727_WAT,121,62.829937,89.6145,48.379173
n2rn1,39727_WAT,122,63.217342,90.00147,48.594727
n2rn1,39727_WAT,123,62.859554,89.61005,49.236557
n2rn1,39727_WAT,124,62.90047,89.356415,48.36018
n2rn1,39727_WAT,125,63.114918,89.17137,49.281494
n2rn1,39727_WAT,126,63.418617,89.618385,48.55549
n2rn1,39727_WAT,127,63.4174,89.78418,48.41066
n2rn1,39727_WAT,128,62.87041,89.48197,48.72144
n2rn1,39727_WAT,129,63.007042,90.06557,47.82132
n2rn1,39727_WAT,130,62.375607,89.801994,48.373055
n2rn1,39727_WAT,131,62.000336,89.32998,49.186848
n2rn1,39727_WAT,132,62.29751,88.95041,49.02889
n2rn1,39727_WAT,133,62.668766,89.96283,48.850246
n2rn1,39727_WAT,134,62.904724,89.266045,48.52351
n2rn1,39727_WAT,135,62.86489,89.09303,48.504192
n2rn1,39727_WAT,136,62.99174,90.19744,48.58028
n2rn1,39727_WAT,137,62.9032,89.708244,48.604427
n2rn1,39727_WAT,138,62.75776,89.64014,48.46026
n2rn1,39727_WAT,139,62.736744,89.03838,48.494205
n2rn1,39727_WAT,141,62.647095,89.87282,48.07353
n2rn1,39727_WAT,142,63.189903,89.43021,48.17281
n2rn1,39727_WAT,143,62.91526,89.970406,48.762474
n2rn1,39727_WAT,144,62.806614,89.69379,48.789936
n2rn1,39727_WAT,145,62.755123,89.63854,49.38054
n2rn1,39727_WAT,146,62.775646,90.06526,48.26936
n2rn1,39727_WAT,147,62.681595,89.53328,48.755005
n2rn1,39727_WAT,148,62.407513,89.63146,49.121326
n2rn1,39727_WAT,149,62.842236,89.78197,48.253933
n2rn1,39727_WAT,150,62.698692,89.9906,48.34064
n2rn1,39727_WAT,151,62.588806,89.51848,48.414246
n2rn1,39727_WAT,152,62.742325,89.72749,48.291645
n2rn1,39727_WAT,153,62.354702,89.51681,48.587772
n2rn1,39727_WAT,154,62.205173,89.66301,48.676037
n2rn1,39727_WAT,155,62.10924,89.32061,48.253357
n2rn1,39727_WAT,157,62.41898,89.56774,48.923676
n2rn1,39727_WAT,158,62.54536,89.308205,48.90313
n2rn1,39727_WAT,159,62.604557,89.11626,48.84119
n2rn1,39727_WAT,172,62.646523,89.491776,48.48917
n2rn1,39727_WAT,173,62.907,89.96796,48.47472
n2rn1,39727_WAT,174,62.297962,89.89122,48.555763
n2rn1,39727_WAT,175,62.611942,89.725624,49.026035
n2rn1,39727_WAT,176,62.118393,89.86211,49.133
n2rn1,39767_WAT,2,71.14684,88.80355,69.60569
n2rn1,39767_WAT,3,71.294044,88.97095,69.496544
n2rn1,39767_WAT,4,71.35992,89.43889,69.35754
n2rn1,39767_WAT,5,71.36149,88.6537,69.818695
n2rn1,39767_WAT,6,71.56668,88.911446,69.50217
n2rn1,39767_WAT,7,71.74198,88.89852,69.40397
n2rn1,39767_WAT,8,71.94345,88.63916,69.88831
n2rn1,39767_WAT,9,71.67637,88.98022,70.32467
n2rn1,39767_WAT,10,71.76836,88.7087,69.9468
n2rn1,39767_WAT,11,71.42886,88.38709,69.97541
n2rn1,39767_WAT,12,72.21149,88.35601,69.720024
n2rn1,39767_WAT,14,71.58492,88.6699,69.79547
n2rn1,39767_WAT,15,70.81869,88.724945,70.215996
n2rn1,39767_WAT,16,71.31258,88.93666,69.51745
n2rn1,39850_WAT,54,84.736984,70.763565,35.431614
n2rn1,39850_WAT,55,82.54436,71.11146,35.401806
n2rn1,39850_WAT,56,82.92029,70.83882,35.940586
n2rn1,39850_WAT,57,83.13691,71.1203,36.101234
n2rn1,39850_WAT,58,83.76674,71.54904,34.40864
n2rn1,39850_WAT,59,83.353424,71.44085,34.61538
n2rn1,39850_WAT,60,83.93137,71.38273,34.310818
n2rn1,39850_WAT,61,84.81632,70.87023,34.96494
n2rn1,39850_WAT,62,82.96139,72.035446,35.928806
n2rn1,39850_WAT,63,84.03967,70.94796,35.399055
n2rn1,39850_WAT,64,82.88891,70.979485,36.356705
n2rn1,3986_WAT,0,78.691185,48.024,53.07956
n2rn1,3986_WAT,1,78.734085,47.839573,53.17133
n2rn1,3986_WAT,3,78.548615,47.56762,53.223625
n2rn1,3986_WAT,4,78.64448,47.335045,53.5383
n2rn1,3986_WAT,5,78.448784,47.643024,53.45308
n2rn1,3986_WAT,7,78.46901,47.710674,52.911446
n2rn1,3986_WAT,8,78.33512,47.307922,53.22318
n2rn1,3986_WAT,9,78.07657,47.112244,53.18718
n2rn1,3986_WAT,10,78.582214,47.777264,53.226566
n2rn1,3986_WAT,11,78.725266,47.478024,53.5891
n2rn1,3986_WAT,12,78.59869,47.815155,53.57555
n2rn1,3986_WAT,13,78.412704,48.05854,53.39065
n2rn1,39876_WAT,74,43.46026,114.28224,68.486084
n2rn1,39876_WAT,75,43.073994,114.58221,68.57049
n2rn1,39876_WAT,76,43.499054,114.43723,69.00054
n2rn1,39876_WAT,77,43.70529,114.1479,69.05313
n2rn1,39876_WAT,78,42.601673,114.052475,69.16208
n2rn1,39876_WAT,79,43.013325,113.879005,69.34281
n2rn1,39876_WAT,80,44.681545,113.74584,65.37976
n2rn1,39876_WAT,81,44.858368,114.68649,65.46706
n2rn1,39876_WAT,82,44.594807,114.79675,65.42199
n2rn1,39876_WAT,83,45.102905,114.3333,65.14686
n2rn1,39876_WAT,84,44.504696,114.33322,65.31508
n2rn1,39876_WAT,85,44.332314,114.51189,65.937744
n2rn1,39876_WAT,86,44.78031,114.19506,65.95174
n2rn1,39876_WAT,87,44.78346,114.0657,65.224174
n2rn1,39876_WAT,88,44.03838,114.292755,66.02556
n2rn1,39876_WAT,89,44.669243,114.44488,64.94796
n2rn1,39876_WAT,90,44.677586,114.22536,65.26411
n2rn1,39876_WAT,91,43.90921,114.19265,65.33685
n2rn1,39876_WAT,92,44.890392,114.36404,65.76228
n2rn1,39876_WAT,93,44.306725,114.375725,65.16827
n2rn1,39876_WAT,94,44.370747,114.60268,65.61253
n2rn1,39876_WAT,95,43.95982,114.854,65.321556
n2rn1,39876_WAT,96,46.055122,113.68276,65.787346
n2rn1,39876_WAT,97,44.33358,113.71572,65.33523
n2rn1,39876_WAT,98,44.433773,114.21359,64.64664
n2rn1,39876_WAT,99,44.60023,113.788925,65.01608
n2rn1,39876_WAT,100,44.89017,114.74901,65.6684
n2rn1,39876_WAT,101,44.29519,114.86009,65.41526
n2rn1,39876_WAT,102,44.88311,114.752075,65.67628
n2rn1,39876_WAT,103,44.753254,114.35614,65.35937
n2rn1,39876_WAT,104,44.625492,114.669075,65.43014
n2rn1,39876_WAT,105,44.632843,114.51609,65.26531
n2rn1,39876_WAT,106,44.970863,115.303825,65.68863
n2rn1,39876_WAT,107,44.706173,114.715744,65.30082
n2rn1,39876_WAT,108,44.65767,114.46689,65.47429
n2rn1,39876_WAT,109,44.62029,114.1108,65.44547
n2rn1,39876_WAT,110,44.62862,114.58665,65.24192
n2rn1,39876_WAT,111,44.54214,114.43877,65.47473
n2rn1,39876_WAT,112,44.739517,114.73791,65.696144
n2rn1,39876_WAT,113,44.33836,114.62089,65.560425
n2rn1,39876_WAT,114,44.652912,114.47556,65.35345
n2rn1,39876_WAT,115,44.44387,114.7341,65.31704
n2rn1,39876_WAT,116,44.169018,114.93266,65.44858
n2rn1,39876_WAT,117,44.726322,114.4537,65.486664
n2rn1,39876_WAT,118,44.354557,114.21387,65.53139
n2rn1,39876_WAT,119,44.199516,114.66352,65.96701
n2rn1,39876_WAT,120,43.399536,114.71884,65.59198
n2rn1,39876_WAT,121,44.79775,114.40463,65.34744
n2rn1,39876_WAT,122,44.762085,114.52715,65.24971
n2rn1,39876_WAT,123,44.606697,114.55125,65.65101
n2rn1,39876_WAT,124,44.701977,114.122536,65.12062
n2rn1,39876_WAT,125,44.75862,114.51483,64.84363
n2rn1,39876_WAT,126,44.551422,114.66367,65.16621
n2rn1,39876_WAT,127,44.901337,114.70922,65.571686
n2rn1,39876_WAT,128,44.63031,114.676636,65.04193
n2rn1,39945_WAT,84,87.311386,78.84743,62.058807
n2rn1,39945_WAT,85,86.32786,79.49278,61.5508
n2rn1,39945_WAT,86,86.88389,80.004105,61.5909
n2rn1,39945_WAT,87,86.481,79.787315,61.567535
n2rn1,39945_WAT,88,86.280365,79.82232,61.826153
n2rn1,39945_WAT,89,86.943886,79.84954,61.986008
n2rn1,39945_WAT,90,86.66294,79.096756,61.73483
n2rn1,39945_WAT,91,88.14254,79.41055,61.771297
n2rn1,39945_WAT,92,86.74282,79.53785,61.712143
n2rn1,39945_WAT,93,86.69178,79.82804,61.675117
n2rn1,39945_WAT,94,86.23186,79.51983,62.000027
n2rn1,39945_WAT,95,87.0055,79.78588,61.99102
n2rn1,40146_WAT,38,77.45441,93.676414,58.50862
n2rn1,40146_WAT,39,77.76504,94.0784,59.557064
n2rn1,40146_WAT,40,77.54461,93.74743,59.07905
n2rn1,40146_WAT,41,77.72311,93.36838,58.544758
n2rn1,40146_WAT,42,77.20575,93.49052,58.616726
n2rn1,40146_WAT,43,77.01644,93.92654,58.744213
n2rn1,40146_WAT,44,77.4439,93.4512,58.496468
n2rn1,40146_WAT,70,77.27158,93.64317,59.01381
n2rn1,40146_WAT,71,77.309235,93.66249,59.05678
n2rn1,40146_WAT,72,77.59086,93.58905,58.892086
n2rn1,40146_WAT,73,77.40344,94.190414,59.15285
n2rn1,40146_WAT,76,77.420135,93.62722,59.04698
n2rn1,40146_WAT,78,77.72193,93.47709,58.716995
n2rn1,40146_WAT,79,77.50485,94.395325,59.22553
n2rn1,40146_WAT,80,77.38037,93.36385,58.690918
n2rn1,40146_WAT,81,77.18648,93.6762,58.54542
n2rn1,40146_WAT,83,77.27192,93.47484,58.5868
n2rn1,40146_WAT,85,77.47551,93.403885,58.573544
n2rn1,40146_WAT,86,77.51847,93.55948,58.866074
n2rn1,40146_WAT,144,77.02917,93.39741,58.721344
n2rn1,40146_WAT,145,77.001434,93.17971,58.328403
n2rn1,40146_WAT,146,77.63075,93.34064,58.32999
n2rn1,40146_WAT,147,77.54725,93.612144,58.745556
n2rn1,40146_WAT,149,77.831955,93.60144,58.72545
n2rn1,40146_WAT,151,77.39517,93.51725,58.662373
n2rn1,40146_WAT,153,77.3352,93.50756,58.530266
n2rn1,40146_WAT,155,77.43948,93.42204,58.422882
n2rn1,40146_WAT,45,76.36486,94.23785,58.905853
n2rn1,40146_WAT,46,76.66424,94.60942,58.861847
n2rn1,40146_WAT,47,76.65797,94.367256,58.311546
n2rn1,40146_WAT,49,77.25731,94.6945,58.46718
n2rn1,40146_WAT,50,76.64897,94.16898,58.027386
n2rn1,40146_WAT,51,76.69831,94.533,58.58136
n2rn1,40146_WAT,52,76.82986,94.066124,58.14529
n2rn1,40146_WAT,53,76.57678,94.23814,58.826317
n2rn1,40146_WAT,54,77.413795,94.262505,58.609497
n2rn1,40146_WAT,55,77.31153,94.223816,58.766827
n2rn1,40146_WAT,56,77.0981,93.71628,58.22253
n2rn1,40146_WAT,57,77.5472,93.91076,58.489933
n2rn1,40146_WAT,58,77.00575,94.16523,58.46307
n2rn1,40146_WAT,59,76.988174,94.69913,58.79072
n2rn1,40146_WAT,60,76.64061,94.24474,58.468346
n2rn1,40146_WAT,61,77.277084,94.03801,58.070183
n2rn1,40146_WAT,62,76.26942,94.461075,58.56172
n2rn1,40146_WAT,63,76.56978,94.18216,58.494934
n2rn1,40146_WAT,65,76.831924,93.8061,58.164234
n2rn1,40146_WAT,67,77.1919,94.02058,58.33287
n2rn1,40146_WAT,68,76.43473,94.49341,59.175194
n2rn1,40146_WAT,69,76.631516,94.4047,59.041004
n2rn1,40146_WAT,74,77.422295,94.68627,59.13295
n2rn1,40146_WAT,0,77.63457,94.96334,59.610428
n2rn1,40146_WAT,2,77.369194,94.75795,59.484085
n2rn1,40146_WAT,3,76.95648,94.92469,59.603806
n2rn1,40146_WAT,4,77.310394,94.80663,59.49131
n2rn1,40146_WAT,5,77.26164,94.947685,59.433914
n2rn1,40146_WAT,6,77.656364,94.792755,59.39293
n2rn1,40146_WAT,7,77.666725,94.94669,59.357914
n2rn1,40146_WAT,8,77.29236,94.76973,59.4211
n2rn1,40146_WAT,9,77.646904,94.54943,59.447212
n2rn1,40146_WAT,10,77.80182,94.5582,59.35595
n2rn1,40146_WAT,11,77.20011,94.489136,59.47887
n2rn1,40146_WAT,12,77.44784,94.46636,59.588425
n2rn1,40146_WAT,13,77.82577,94.43779,59.535786
n2rn1,40146_WAT,14,78.00659,94.574425,59.471836
n2rn1,40146_WAT,15,77.35573,94.03404,59.383125
n2rn1,40146_WAT,16,77.21145,93.82971,58.899124
n2rn1,40146_WAT,17,77.6594,93.782776,59.183846
n2rn1,40146_WAT,18,77.52273,93.848045,59.039013
n2rn1,40146_WAT,19,77.74195,93.551285,58.74024
n2rn1,40146_WAT,20,77.46841,94.04338,59.305527
n2rn1,40146_WAT,21,77.30454,93.480194,58.655304
n2rn1,40146_WAT,22,77.6754,93.70914,59.04361
n2rn1,40146_WAT,23,77.448654,93.37279,58.804924
n2rn1,40146_WAT,24,77.538994,93.82289,58.85952
n2rn1,40146_WAT,25,77.43046,93.513374,58.568764
n2rn1,40146_WAT,26,77.189606,93.678406,58.924744
n2rn1,40146_WAT,27,77.690445,93.71278,58.70328
n2rn1,40146_WAT,28,77.42586,93.57141,58.669174
n2rn1,40146_WAT,29,77.29346,93.59991,58.767372
n2rn1,40146_WAT,30,77.20232,93.58326,58.734318
n2rn1,40146_WAT,31,77.821754,93.502625,58.827515
n2rn1,40146_WAT,32,77.48014,93.52696,58.709522
n2rn1,40146_WAT,33,77.56586,93.79499,58.944973
n2rn1,40146_WAT,34,77.36943,94.20949,59.1228
n2rn1,40146_WAT,35,77.19461,94.04006,58.957855
n2rn1,40146_WAT,36,77.370255,94.25736,59.064514
n2rn1,40146_WAT,37,77.587364,93.64082,58.685947
n2rn1,40146_WAT,75,77.60472,93.92038,59.134968
n2rn1,40146_WAT,77,77.57525,93.53448,58.563656
n2rn1,40146_WAT,82,77.456116,93.57528,58.654636
n2rn1,40146_WAT,84,77.81961,93.799484,58.539978
n2rn1,40146_WAT,87,77.63006,93.33048,58.456806
n2rn1,40146_WAT,88,77.46281,93.48703,58.746387
n2rn1,40146_WAT,89,77.46045,93.351326,58.32531
n2rn1,40146_WAT,91,77.65825,93.541916,58.462654
n2rn1,40146_WAT,92,77.52067,93.56927,58.58701
n2rn1,40146_WAT,93,77.18306,93.53199,58.5172
n2rn1,40146_WAT,94,77.562195,93.62494,58.744484
n2rn1,40146_WAT,95,77.48784,93.497154,58.34188
n2rn1,40146_WAT,96,77.5724,93.76542,58.55459
n2rn1,40146_WAT,97,77.68608,93.4966,58.446453
n2rn1,40146_WAT,98,77.11458,93.09614,58.485172
n2rn1,40146_WAT,99,77.71942,93.31823,58.334717
n2rn1,40146_WAT,100,77.14247,93.22785,58.820797
n2rn1,40146_WAT,101,77.18699,94.03712,58.534317
n2rn1,40146_WAT,102,77.20763,93.478836,58.527046
n2rn1,40146_WAT,103,77.25181,93.881905,58.40129
n2rn1,40146_WAT,104,77.5819,93.53263,58.21198
n2rn1,40146_WAT,105,77.262566,93.21187,58.23283
n2rn1,40146_WAT,106,77.83874,93.949326,58.57565
n2rn1,40146_WAT,107,77.15012,93.65097,58.55442
n2rn1,40146_WAT,108,77.23557,92.88954,58.037804
n2rn1,40146_WAT,109,77.37601,93.18683,58.18324
n2rn1,40146_WAT,110,77.52583,93.51896,58.286068
n2rn1,40146_WAT,111,77.35566,94.099106,58.81929
n2rn1,40146_WAT,112,77.33281,93.381195,58.556084
n2rn1,40146_WAT,113,77.2622,93.32297,58.61308
n2rn1,40146_WAT,114,77.132996,93.6745,58.572548
n2rn1,40146_WAT,115,77.515526,93.35403,58.553944
n2rn1,40146_WAT,116,77.35784,93.67245,58.87701
n2rn1,40146_WAT,117,77.6454,93.14698,58.836433
n2rn1,40146_WAT,118,77.63813,93.70433,58.66331
n2rn1,40146_WAT,119,77.116135,94.09642,58.809345
n2rn1,40146_WAT,120,77.52929,93.45735,58.71021
n2rn1,40146_WAT,121,77.57443,93.44561,58.72832
n2rn1,40146_WAT,122,77.590096,93.823105,58.779537
n2rn1,40146_WAT,123,77.44699,93.54412,58.803135
n2rn1,40146_WAT,126,77.35039,93.266785,58.79904
n2rn1,40146_WAT,127,77.05268,93.671036,58.95067
n2rn1,40146_WAT,128,77.62711,93.818214,59.235775
n2rn1,40146_WAT,129,77.40255,93.57702,58.55053
n2rn1,40146_WAT,130,77.53875,93.86803,58.520775
n2rn1,40146_WAT,131,77.01462,93.03754,58.72267
n2rn1,40146_WAT,132,77.36848,93.12463,58.29611
n2rn1,40146_WAT,133,76.704254,93.90922,59.008488
n2rn1,40146_WAT,134,77.71934,93.758804,58.723156
n2rn1,40146_WAT,135,77.56653,93.663315,58.64488
n2rn1,40146_WAT,136,77.23113,93.59544,58.611954
n2rn1,40146_WAT,137,77.45332,93.55775,58.679176
n2rn1,40146_WAT,138,77.80901,93.571686,58.471207
n2rn1,40146_WAT,139,77.6363,93.75034,58.576233
n2rn1,40146_WAT,141,77.17785,93.80557,58.516186
n2rn1,40146_WAT,142,77.4504,93.26054,58.354774
n2rn1,40146_WAT,143,77.38839,93.36149,58.22709
n2rn1,40146_WAT,150,77.26273,93.49784,58.414104
n2rn1,40146_WAT,152,77.52132,93.3517,58.450245
n2rn1,40146_WAT,154,77.59978,93.35211,58.512817
n2rn1,40146_WAT,156,77.478455,93.18252,58.65642
n2rn1,40146_WAT,157,77.48763,93.431305,58.325897
n2rn1,40146_WAT,158,77.21642,92.889946,58.587563
n2rn1,40146_WAT,159,77.43169,93.348656,58.255043
n2rn1,40146_WAT,160,77.41953,93.58394,58.5663
n2rn1,40146_WAT,172,77.307846,93.472115,58.251392
n2rn1,40146_WAT,173,77.312904,93.51606,58.44799
n2rn1,40146_WAT,174,77.51048,93.670555,58.614395
n2rn1,40146_WAT,175,77.737595,93.45708,58.584404
n2rn1,40146_WAT,176,77.43059,93.9384,58.70145
n2rn1,40235_WAT,65,83.29717,70.863335,35.86177
n2rn1,40235_WAT,66,83.07674,70.79438,35.774624
n2rn1,40235_WAT,67,82.982025,69.24385,37.382984
n2rn1,40235_WAT,69,83.84207,68.13166,36.159286
n2rn1,40235_WAT,70,84.03889,67.78036,36.73094
n2rn1,40235_WAT,71,83.45431,69.29533,36.218292
n2rn1,40235_WAT,72,83.88699,68.01895,36.38138
n2rn1,40235_WAT,73,83.8219,68.37564,36.338787
n2rn1,40235_WAT,74,83.40036,68.7354,36.47309
n2rn1,40235_WAT,75,82.76122,69.61157,37.05937
n2rn1,40235_WAT,76,83.3239,69.85414,36.552753
n2rn1,40235_WAT,77,83.47382,70.37682,36.199783
n2rn1,40235_WAT,78,83.364136,70.24029,36.698444
n2rn1,40235_WAT,79,83.72312,70.17498,36.167088
n2rn1,40235_WAT,80,83.30838,69.80166,35.992157
n2rn1,40235_WAT,81,82.97295,70.419044,35.45803
n2rn1,40235_WAT,82,83.17494,70.397415,35.707497
n2rn1,40235_WAT,83,83.44666,70.50011,36.392014
n2rn1,40235_WAT,84,83.22647,69.99761,36.85419
n2rn1,40235_WAT,85,83.52859,70.21651,37.062996
n2rn1,40235_WAT,86,83.58809,69.8839,36.386257
n2rn1,40235_WAT,87,83.10401,70.2801,36.519623
n2rn1,40235_WAT,88,83.03227,70.168144,36.114346
n2rn1,40235_WAT,89,83.68375,70.48333,36.230705
n2rn1,40235_WAT,90,83.376396,70.768936,36.33908
n2rn1,40235_WAT,91,83.17821,70.061,36.597797
n2rn1,40235_WAT,92,83.7178,70.19852,36.849873
n2rn1,40235_WAT,93,83.36402,70.571014,37.189762
n2rn1,40235_WAT,94,83.05578,70.12949,36.666355
n2rn1,40235_WAT,95,83.424805,69.58282,36.851856
n2rn1,40235_WAT,96,83.188705,70.17919,37.101826
n2rn1,40235_WAT,97,83.14075,69.82858,36.963852
n2rn1,40235_WAT,98,83.41557,70.13569,36.665947
n2rn1,40235_WAT,99,83.204865,70.24991,36.19056
n2rn1,40235_WAT,100,83.27047,69.98912,36.37131
n2rn1,40235_WAT,102,83.07541,70.002716,35.932907
n2rn1,40235_WAT,103,83.008545,69.88017,35.644142
n2rn1,40235_WAT,104,82.956314,69.79904,35.517876
n2rn1,40235_WAT,105,83.116844,69.45811,35.74938
n2rn1,40235_WAT,106,83.809425,69.72152,35.47481
n2rn1,40235_WAT,107,83.331154,69.60647,35.234505
n2rn1,40235_WAT,108,82.59417,70.31212,35.111313
n2rn1,40235_WAT,109,82.92788,69.950615,35.580006
n2rn1,40235_WAT,110,82.58954,69.82271,35.776356
n2rn1,40235_WAT,111,82.60507,69.82459,35.216396
n2rn1,40235_WAT,112,83.23628,69.90774,34.957726
n2rn1,40235_WAT,113,83.119225,69.363686,35.57753
n2rn1,40235_WAT,114,83.594574,70.0428,35.47945
n2rn1,40235_WAT,115,83.41164,69.60998,34.881046
n2rn1,40235_WAT,116,82.88694,70.23037,35.499573
n2rn1,40235_WAT,117,83.1606,69.702034,35.197346
n2rn1,40235_WAT,118,83.289536,70.477974,34.7189
n2rn1,40235_WAT,119,83.08201,70.16986,35.19999
n2rn1,40235_WAT,120,82.90055,69.953316,35.16704
n2rn1,40235_WAT,121,82.56905,69.974884,35.16031
n2rn1,40235_WAT,122,83.29487,69.96714,34.409107
n2rn1,40235_WAT,123,83.320045,70.33162,34.734283
n2rn1,40235_WAT,124,82.76035,70.01875,34.97943
n2rn1,40235_WAT,125,82.75569,70.34036,34.10034
n2rn1,40235_WAT,126,82.81108,70.104454,34.65416
n2rn1,40235_WAT,127,82.60729,70.228905,34.486767
n2rn1,40235_WAT,128,82.993286,69.488945,34.87884
n2rn1,40235_WAT,129,82.52716,70.49115,35.701366
n2rn1,40235_WAT,130,83.02441,69.88146,35.25408
n2rn1,40235_WAT,131,83.36326,70.20418,36.176125
n2rn1,40235_WAT,132,83.39389,69.78168,37.52561
n2rn1,40235_WAT,133,83.28761,69.795044,36.496956
n2rn1,40235_WAT,134,83.1963,70.112724,36.677963
n2rn1,40235_WAT,135,83.093735,69.935844,36.762028
n2rn1,40235_WAT,136,82.9407,70.491936,36.53725
n2rn1,40235_WAT,137,83.22526,70.40755,36.29235
n2rn1,40235_WAT,138,83.08874,70.366165,36.641777
n2rn1,40235_WAT,139,83.1353,70.081,35.349648
n2rn1,40235_WAT,141,83.30111,70.25376,36.7651
n2rn1,40235_WAT,142,83.23194,70.000656,36.653988
n2rn1,40235_WAT,144,83.103584,70.15226,37.055145
n2rn1,40235_WAT,145,83.10297,70.1993,36.365627
n2rn1,40235_WAT,146,83.18744,69.96506,37.08025
n2rn1,40235_WAT,147,83.19496,70.25366,36.186657
n2rn1,40235_WAT,148,82.948265,69.88835,35.584335
n2rn1,40235_WAT,149,83.36583,69.51461,34.747295
n2rn1,40235_WAT,151,83.14811,69.94593,35.843906
n2rn1,40235_WAT,152,82.52354,69.92587,35.42423
n2rn1,40235_WAT,153,83.723335,70.280464,36.26741
n2rn1,40235_WAT,154,82.97192,69.87492,35.258224
n2rn1,40235_WAT,155,83.20355,69.6667,36.48535
n2rn1,40824_WAT,37,73.53208,84.88726,57.00195
n2rn1,40824_WAT,38,74.45719,85.30337,57.27672
n2rn1,40824_WAT,39,74.17311,84.94742,57.10221
n2rn1,40824_WAT,40,74.85553,85.35557,56.61825
n2rn1,40824_WAT,41,74.61979,85.51075,56.97282
n2rn1,40824_WAT,42,74.155235,85.189064,57.113358
n2rn1,40824_WAT,43,74.312325,84.929535,56.746315
n2rn1,40824_WAT,44,74.558815,85.47557,57.051907
n2rn1,40824_WAT,45,74.35902,84.8672,57.041325
n2rn1,40824_WAT,46,74.15909,84.82483,57.51482
n2rn1,40824_WAT,48,73.63491,85.07284,57.534153
n2rn1,40824_WAT,49,74.38282,85.14846,57.292885
n2rn1,40824_WAT,50,74.207855,85.27603,57.08683
n2rn1,40824_WAT,51,74.32709,85.198875,56.60956
n2rn1,40824_WAT,52,73.58272,84.430786,56.9105
n2rn1,40871_WAT,129,75.02261,86.88327,53.968937
n2rn1,40871_WAT,130,75.97206,86.75818,54.550526
n2rn1,40871_WAT,131,75.19613,86.480385,54.378914
n2rn1,40871_WAT,132,75.076385,86.51206,54.403122
n2rn1,40871_WAT,133,75.05242,86.288155,54.42138
n2rn1,40871_WAT,134,75.51598,87.144966,54.203564
n2rn1,40871_WAT,135,75.15479,86.65513,54.043476
n2rn1,40871_WAT,136,75.305824,86.662025,53.879597
n2rn1,40871_WAT,137,75.36291,86.82837,54.521385
n2rn1,40871_WAT,138,75.72776,86.97926,54.405186
n2rn1,40871_WAT,139,74.746315,86.79791,53.724873
n2rn1,40871_WAT,140,75.17428,86.86122,53.96257
n2rn1,40871_WAT,141,75.45178,86.83988,54.45185
n2rn1,40871_WAT,142,75.078384,86.82154,54.27882
n2rn1,40871_WAT,143,74.8555,86.64626,54.017124
n2rn1,40871_WAT,144,76.01782,87.16246,54.92857
n2rn1,40871_WAT,145,75.180786,86.76314,54.28431
n2rn1,40871_WAT,146,75.46671,86.706055,54.062584
n2rn1,40871_WAT,147,75.35162,86.77787,53.938732
n2rn1,40871_WAT,148,75.617096,86.96228,54.378567
n2rn1,40871_WAT,149,74.84385,86.39989,54.18052
n2rn1,40871_WAT,150,76.070114,87.044846,54.862885
n2rn1,40871_WAT,151,75.46192,86.89968,54.248234
n2rn1,40871_WAT,152,75.24081,86.96166,53.889675
n2rn1,40871_WAT,153,75.82311,87.32182,54.458008
n2rn1,40871_WAT,154,76.055824,87.08808,54.738556
n2rn1,40871_WAT,155,74.337494,86.143105,54.364075
n2rn1,40871_WAT,156,75.999084,86.942825,55.0981
n2rn1,40871_WAT,157,74.47236,86.04588,54.14818
n2rn1,40871_WAT,158,75.38324,86.77465,54.26386
n2rn1,40871_WAT,159,74.88706,87.0312,53.69529
n2rn1,40871_WAT,160,74.96872,86.634,54.107716
n2rn1,40871_WAT,172,74.951546,86.63131,53.864643
n2rn1,40871_WAT,173,75.16593,86.951416,53.859997
n2rn1,40871_WAT,174,75.126495,86.90735,53.800716
n2rn1,40871_WAT,175,74.965935,86.74632,53.933426
n2rn1,40871_WAT,176,75.08029,86.67822,53.88801
n2rn1,40871_WAT,10,75.28753,82.11235,56.47373
n2rn1,40871_WAT,12,75.77611,82.26345,56.494286
n2rn1,40871_WAT,13,75.62641,82.39054,56.186253
n2rn1,40871_WAT,14,75.70056,82.22115,56.140846
n2rn1,40871_WAT,15,75.567345,82.280045,56.392097
n2rn1,40871_WAT,16,75.714485,82.01595,56.647663
n2rn1,40871_WAT,17,75.82425,82.39954,56.630077
n2rn1,40871_WAT,18,75.62281,82.15536,56.266537
n2rn1,40871_WAT,20,75.37689,82.25684,56.626015
n2rn1,40871_WAT,21,75.65896,82.09458,56.2325
n2rn1,40871_WAT,22,75.62272,82.18073,56.535522
n2rn1,40871_WAT,23,75.40986,82.37134,56.74485
n2rn1,40871_WAT,24,75.774124,82.31477,56.621
n2rn1,40871_WAT,25,75.41372,82.18238,56.606766
n2rn1,40871_WAT,27,75.136055,83.20757,56.725372
n2rn1,40910_WAT,129,75.00686,82.98003,55.281326
n2rn1,40910_WAT,132,75.43628,82.633736,55.50725
n2rn1,40910_WAT,134,75.96042,83.11121,55.19584
n2rn1,40910_WAT,135,75.59804,82.58093,55.20202
n2rn1,40910_WAT,136,75.69085,82.79207,55.063457
n2rn1,40910_WAT,137,75.611565,83.01396,55.45193
n2rn1,40910_WAT,138,75.740524,82.94674,55.35837
n2rn1,40910_WAT,139,75.37466,82.90112,55.239338
n2rn1,40910_WAT,141,75.59629,82.890564,55.368965
n2rn1,40910_WAT,142,75.67757,82.89347,55.42695
n2rn1,40910_WAT,143,75.10446,82.8444,55.455307
n2rn1,40910_WAT,173,75.457504,82.85827,55.20515
n2rn1,40910_WAT,33,75.2484,82.403854,56.275955
n2rn1,40910_WAT,34,75.68611,82.83619,56.42265
n2rn1,40910_WAT,35,76.05264,82.8922,56.39857
n2rn1,40910_WAT,37,75.00814,82.41446,56.407894
n2rn1,40910_WAT,38,75.59878,82.58427,56.486465
n2rn1,40910_WAT,39,75.30606,82.543144,56.50087
n2rn1,40910_WAT,40,75.04972,82.466194,56.283627
n2rn1,40910_WAT,41,74.82888,82.52068,56.26367
n2rn1,40910_WAT,42,74.96541,82.47558,56.76648
n2rn1,40910_WAT,43,74.90199,82.49833,56.332783
n2rn1,40910_WAT,44,74.489105,82.606155,56.57857
n2rn1,40910_WAT,45,74.97761,82.64712,56.62868
n2rn1,40910_WAT,46,74.873146,82.322914,56.742657
n2rn1,40910_WAT,48,75.30937,82.9101,56.666023
n2rn1,40910_WAT,49,75.267586,82.79286,56.225048
n2rn1,40910_WAT,131,74.74702,82.80769,55.83192
n2rn1,40910_WAT,133,74.642586,82.62158,55.80617
n2rn1,40910_WAT,68,73.86682,85.20109,56.899593
n2rn1,40910_WAT,69,73.67596,85.09128,56.996918
n2rn1,40910_WAT,70,74.07322,85.51466,56.661064
n2rn1,40910_WAT,71,73.6271,85.877075,57.02414
n2rn1,40910_WAT,72,74.27124,85.57032,56.653244
n2rn1,40910_WAT,73,74.11949,85.72409,56.87699
n2rn1,40910_WAT,74,73.668434,85.70135,56.90622
n2rn1,40910_WAT,75,73.19269,85.17224,57.169746
n2rn1,40910_WAT,76,74.22435,85.526794,57.13938
n2rn1,40910_WAT,77,73.88226,85.325226,57.129684
n2rn1,40910_WAT,78,73.651764,85.401405,57.161934
n2rn1,40910_WAT,80,73.701744,85.36793,57.274673
n2rn1,40910_WAT,81,73.8864,85.10926,56.97666
n2rn1,40910_WAT,82,73.97943,85.73851,56.8422
n2rn1,40910_WAT,83,73.93619,85.26004,56.762585
n2rn1,40910_WAT,84,73.97737,85.53175,56.97537
n2rn1,40910_WAT,85,73.6752,85.51876,57.317066
n2rn1,40912_WAT,49,53.110115,107.31288,67.24538
n2rn1,40912_WAT,51,51.305515,107.28898,66.81043
n2rn1,40912_WAT,52,53.779408,107.57212,67.7048
n2rn1,40912_WAT,53,54.227573,107.319496,67.85307
n2rn1,40912_WAT,54,54.552788,106.9296,66.38858
n2rn1,40912_WAT,55,54.53692,106.66853,66.379395
n2rn1,40912_WAT,56,54.94386,106.70263,65.991295
n2rn1,40912_WAT,57,54.798004,107.042816,66.53883
n2rn1,40912_WAT,58,54.235756,107.577576,67.81544
n2rn1,40912_WAT,59,53.23234,107.91427,67.601395
n2rn1,40912_WAT,60,53.289703,106.32332,67.8554
n2rn1,40912_WAT,61,53.28281,107.25855,67.83367
n2rn1,40912_WAT,62,54.551346,105.910126,65.602554
n2rn1,40916_WAT,129,76.53911,85.36687,55.431644
n2rn1,40916_WAT,130,76.83768,84.33921,55.591152
n2rn1,40916_WAT,132,77.11924,84.79111,55.586258
n2rn1,40916_WAT,134,77.418564,85.62854,55.47509
n2rn1,40916_WAT,135,76.78878,85.229614,55.539043
n2rn1,40916_WAT,136,76.82299,85.401306,55.515003
n2rn1,40916_WAT,137,76.91165,85.20323,55.532578
n2rn1,40916_WAT,138,77.15885,85.3819,55.717106
n2rn1,40916_WAT,139,76.66309,85.31774,55.48499
n2rn1,40916_WAT,140,76.505295,85.35235,55.42883
n2rn1,40916_WAT,141,77.10115,85.2062,55.580677
n2rn1,40916_WAT,142,76.90699,85.32896,55.779167
n2rn1,40916_WAT,143,76.73005,85.045044,55.70661
n2rn1,40916_WAT,144,76.345375,84.36414,55.337833
n2rn1,40916_WAT,145,76.71379,85.3355,55.73437
n2rn1,40916_WAT,146,76.96563,85.283875,55.69532
n2rn1,40916_WAT,147,76.89714,85.33609,55.723366
n2rn1,40916_WAT,148,77.28402,85.064316,55.410538
n2rn1,40916_WAT,149,76.97516,84.99831,55.673153
n2rn1,40916_WAT,150,76.88199,84.58706,55.64004
n2rn1,40916_WAT,151,76.89869,85.32415,55.895054
n2rn1,40916_WAT,152,76.86817,85.33857,55.468334
n2rn1,40916_WAT,153,76.91845,85.299835,55.5176
n2rn1,40916_WAT,154,76.69668,84.50997,55.53373
n2rn1,40916_WAT,155,76.676025,85.073845,55.7559
n2rn1,40916_WAT,156,76.754715,84.37762,55.388966
n2rn1,40916_WAT,157,76.6425,85.044785,55.553143
n2rn1,40916_WAT,158,76.96306,85.34887,55.55831
n2rn1,40916_WAT,159,75.85056,84.90719,55.345123
n2rn1,40916_WAT,160,76.69092,85.14675,55.583977
n2rn1,40916_WAT,172,76.90133,85.26083,55.46133
n2rn1,40916_WAT,173,76.573814,85.27299,55.50156
n2rn1,40916_WAT,174,76.48938,85.16268,55.342575
n2rn1,40916_WAT,175,76.882164,85.19806,55.38206
n2rn1,40916_WAT,176,76.69347,85.13434,55.273327
n2rn1,40916_WAT,82,76.20358,83.71659,56.235535
n2rn1,40916_WAT,83,75.791565,82.956894,56.17715
n2rn1,40916_WAT,84,75.614914,83.37541,55.97777
n2rn1,40916_WAT,86,75.89018,83.47052,55.723022
n2rn1,40916_WAT,87,75.24098,83.41376,56.19731
n2rn1,40916_WAT,88,74.97871,82.31649,56.471645
n2rn1,40916_WAT,90,75.892075,83.41998,56.387623
n2rn1,40916_WAT,91,75.62694,83.66032,55.952103
n2rn1,40916_WAT,93,74.98521,82.47429,56.618305
n2rn1,40916_WAT,94,75.8154,82.9895,56.34549
n2rn1,40916_WAT,95,76.388176,83.9181,55.995632
n2rn1,40916_WAT,96,76.67267,83.726906,56.11632
n2rn1,40916_WAT,97,76.64433,84.474754,56.544964
n2rn1,40916_WAT,98,76.130356,83.469284,56.362217
n2rn1,40916_WAT,99,75.06788,83.33366,55.80998
n2rn1,40916_WAT,100,75.37282,83.366234,55.919357
n2rn1,40916_WAT,101,75.851074,83.71698,56.077682
n2rn1,40916_WAT,103,75.0289,83.04202,56.2658
n2rn1,40916_WAT,104,75.38608,83.02713,55.796562
n2rn1,40916_WAT,105,75.606346,82.95553,55.959057
n2rn1,40916_WAT,106,75.791,83.172585,56.00129
n2rn1,40916_WAT,107,76.03362,82.99894,55.95504
n2rn1,40916_WAT,108,74.92519,83.02377,56.083324
n2rn1,40916_WAT,109,75.65002,82.639275,56.355145
n2rn1,40916_WAT,110,75.960495,82.963135,56.05167
n2rn1,40916_WAT,111,75.374794,82.51578,55.76955
n2rn1,40916_WAT,112,75.224495,83.17981,55.395023
n2rn1,40916_WAT,113,75.37001,82.25007,55.31838
n2rn1,40916_WAT,114,74.95293,82.32934,55.861965
n2rn1,40916_WAT,115,75.051834,82.96861,55.54077
n2rn1,40916_WAT,116,74.933624,82.41382,55.29233
n2rn1,40916_WAT,117,74.69104,82.30748,55.351254
n2rn1,40916_WAT,118,75.89394,83.83465,55.786793
n2rn1,40916_WAT,119,75.58978,83.95055,55.59737
n2rn1,40916_WAT,121,75.513565,83.6898,55.556503
n2rn1,40916_WAT,122,75.333336,83.23638,55.66663
n2rn1,40916_WAT,123,75.41649,83.71707,55.844524
n2rn1,40916_WAT,124,75.358536,83.04745,55.710953
n2rn1,40916_WAT,125,75.87774,84.132416,55.89596
n2rn1,40948_WAT,86,73.72804,85.0166,57.030006
n2rn1,40948_WAT,87,73.48202,85.50279,57.31406
n2rn1,40948_WAT,88,73.58492,84.93409,57.379295
n2rn1,40948_WAT,89,73.519394,84.93516,57.189404
n2rn1,40948_WAT,90,74.1228,85.621506,57.33999
n2rn1,40948_WAT,91,73.75561,85.409935,57.387337
n2rn1,40948_WAT,92,73.68973,85.35497,56.97442
n2rn1,40948_WAT,93,73.92332,85.376045,57.188374
n2rn1,40948_WAT,94,74.12613,85.33152,57.546597
n2rn1,40948_WAT,95,74.05651,85.37603,57.407356
n2rn1,40948_WAT,97,73.80369,85.32422,56.765285
n2rn1,40948_WAT,98,74.150955,85.53181,57.495544
n2rn1,40948_WAT,99,73.379776,85.46143,56.752632
n2rn1,40948_WAT,100,73.593155,85.12381,57.173298
n2rn1,40948_WAT,101,73.79263,85.51706,57.514965
n2rn1,40948_WAT,102,73.88006,84.865005,56.987446
n2rn1,40948_WAT,103,74.059814,85.32067,57.289455
n2rn1,40948_WAT,104,73.77715,85.19928,56.743164
n2rn1,40948_WAT,105,73.72921,85.06208,57.30559
n2rn1,40948_WAT,106,73.93332,85.34478,57.149307
n2rn1,40948_WAT,107,74.11624,85.26016,57.01975
n2rn1,40948_WAT,108,73.42196,84.95034,57.547085
n2rn1,40948_WAT,109,74.35885,85.17847,57.493008
n2rn1,40948_WAT,110,74.27201,85.367966,57.168015
n2rn1,40948_WAT,111,73.981255,85.34732,56.92365
n2rn1,40948_WAT,112,73.70923,85.38016,56.851624
n2rn1,40948_WAT,113,73.79583,84.77036,56.96807
n2rn1,40948_WAT,114,73.65894,84.927414,57.194958
n2rn1,40948_WAT,116,73.82353,84.93493,56.934727
n2rn1,40948_WAT,118,74.19319,85.192474,57.380936
n2rn1,40948_WAT,119,73.83531,85.23303,57.21479
n2rn1,40948_WAT,120,73.88572,84.59414,56.649994
n2rn1,40948_WAT,121,73.677635,85.3221,57.015736
n2rn1,40948_WAT,122,73.62944,85.09762,57.063904
n2rn1,40948_WAT,123,73.126175,84.84796,56.95636
n2rn1,40948_WAT,124,73.67958,84.97006,57.057465
n2rn1,40948_WAT,125,73.451294,85.1806,57.111687
n2rn1,40948_WAT,126,74.097595,85.41186,56.522526
n2rn1,40948_WAT,127,74.03073,85.29481,57.2242
n2rn1,41130_WAT,102,78.47179,60.619236,119.56925
n2rn1,41130_WAT,103,78.56981,60.502033,119.33331
n2rn1,41130_WAT,105,78.61513,60.654076,119.27963
n2rn1,41130_WAT,106,78.43183,60.50263,119.5285
n2rn1,41130_WAT,107,78.728516,60.291862,119.48149
n2rn1,41130_WAT,108,78.510666,60.30555,119.72851
n2rn1,41130_WAT,109,78.45071,60.236904,119.4147
n2rn1,41130_WAT,110,77.547066,60.28174,119.70311
n2rn1,41130_WAT,112,79.77473,61.32797,117.52566
n2rn1,41130_WAT,114,80.10549,61.27962,117.075096
n2rn1,41130_WAT,145,79.968956,61.223545,117.481316
n2rn1,41130_WAT,147,79.79979,61.172848,118.740234
n2rn1,41130_WAT,148,77.57515,60.77149,119.98751
n2rn1,41130_WAT,150,78.34794,60.165333,119.87257
n2rn1,41130_WAT,151,77.86338,60.5855,119.93064
n2rn1,41130_WAT,152,79.52336,61.398186,117.023926
n2rn1,41130_WAT,153,78.95335,60.313354,117.96736
n2rn1,41130_WAT,154,79.45776,61.421276,116.68152
n2rn1,41130_WAT,96,78.0822,60.551434,120.12078
n2rn1,41130_WAT,97,79.330284,61.653507,117.13452
n2rn1,41130_WAT,98,79.14775,61.354725,117.03543
n2rn1,41130_WAT,99,78.75912,61.508736,117.471825
n2rn1,41130_WAT,100,77.27262,61.071575,119.91368
n2rn1,41130_WAT,101,78.40053,60.306023,119.96009
n2rn1,41130_WAT,104,78.31373,60.763172,119.89211
n2rn1,41130_WAT,111,78.46238,59.76432,120.74133
n2rn1,41130_WAT,115,79.188095,61.113113,117.16562
n2rn1,41130_WAT,116,79.845764,58.991386,116.64048
n2rn1,41130_WAT,117,78.00013,57.763348,120.29793
n2rn1,41130_WAT,118,79.17603,56.159225,118.15559
n2rn1,41130_WAT,119,80.38681,58.529,117.96131
n2rn1,41130_WAT,120,79.40941,57.612747,118.30642
n2rn1,41130_WAT,121,80.66154,58.741047,116.97878
n2rn1,41130_WAT,122,80.42334,58.679615,116.53997
n2rn1,41130_WAT,123,80.08213,58.173927,117.535805
n2rn1,41130_WAT,124,79.88212,58.864388,117.36942
n2rn1,41130_WAT,125,80.125626,59.430325,117.14169
n2rn1,41130_WAT,126,79.471695,61.204082,116.6425
n2rn1,41130_WAT,127,79.01961,62.03686,118.225426
n2rn1,41130_WAT,128,76.782234,60.75168,120.26269
n2rn1,41130_WAT,129,79.64026,58.27276,119.286316
n2rn1,41130_WAT,130,79.05107,57.985424,120.02288
n2rn1,41130_WAT,131,79.54072,58.19871,119.8033
n2rn1,41130_WAT,132,79.54036,58.481804,119.476814
n2rn1,41130_WAT,133,77.36441,58.066696,120.44331
n2rn1,41130_WAT,134,78.37647,58.53133,120.5649
n2rn1,41130_WAT,135,79.494995,58.874245,119.55184
n2rn1,41130_WAT,136,80.01671,58.872417,117.764626
n2rn1,41130_WAT,137,79.02771,61.27979,118.39539
n2rn1,41130_WAT,138,78.93045,59.823627,119.281944
n2rn1,41130_WAT,139,79.92408,60.77258,116.70371
n2rn1,41130_WAT,140,79.203316,62.013275,116.796
n2rn1,41130_WAT,141,79.6943,58.42624,119.527145
n2rn1,41130_WAT,142,78.861084,57.86475,120.15842
n2rn1,41130_WAT,143,78.74099,60.466625,119.53468
n2rn1,41130_WAT,144,78.883736,60.60932,119.35495
n2rn1,41130_WAT,146,78.802475,60.45185,120.01961
n2rn1,41130_WAT,149,77.71145,60.07317,120.53622
n2rn1,41130_WAT,155,79.66153,57.891716,118.70183
n2rn1,41130_WAT,156,78.745026,58.55776,119.7679
n2rn1,41130_WAT,157,78.8951,59.992012,119.29009
n2rn1,41130_WAT,158,79.18982,61.840538,117.4061
n2rn1,41130_WAT,159,79.21816,61.1414,117.05164
n2rn1,41130_WAT,160,79.13868,62.29616,117.38667
n2rn1,41130_WAT,172,79.52791,61.47135,117.062645
n2rn1,41130_WAT,173,79.31703,61.55328,117.185394
n2rn1,41130_WAT,174,79.67676,61.4327,117.14899
n2rn1,41130_WAT,175,79.59536,59.5362,116.839935
n2rn1,41130_WAT,176,79.28731,61.691586,117.225655
n2rn1,41225_WAT,69,85.30723,69.74415,35.912094
n2rn1,41225_WAT,70,86.03889,70.34486,35.727764
n2rn1,41225_WAT,72,85.605194,70.23174,35.938274
n2rn1,41225_WAT,73,85.57969,70.259125,36.091003
n2rn1,41225_WAT,74,85.776276,70.687164,36.16426
n2rn1,41225_WAT,85,86.05727,71.186226,35.61033
n2rn1,41225_WAT,86,86.04791,71.22881,34.734943
n2rn1,41225_WAT,87,85.975685,71.06341,35.756676
n2rn1,41225_WAT,88,85.52048,70.94042,34.788116
n2rn1,41225_WAT,89,86.1394,71.13567,35.5668
n2rn1,41225_WAT,90,86.16532,71.11405,35.421173
n2rn1,41225_WAT,92,85.658325,71.006004,35.47528
n2rn1,41225_WAT,93,85.23867,71.511024,35.34815
n2rn1,41225_WAT,95,85.52771,71.245735,35.608418
n2rn1,41225_WAT,96,85.55266,71.11246,35.464607
n2rn1,41225_WAT,99,85.31043,70.93299,35.017063
n2rn1,41225_WAT,100,85.85194,71.40694,34.85326
n2rn1,41225_WAT,101,85.18966,70.84798,35.22882
n2rn1,41225_WAT,102,85.410446,70.670425,35.279545
n2rn1,41225_WAT,103,85.27101,70.95685,34.978954
n2rn1,41225_WAT,104,85.79372,71.051125,34.714638
n2rn1,41225_WAT,105,85.43357,70.75199,34.90374
n2rn1,41225_WAT,106,86.11341,70.71425,35.490067
n2rn1,41225_WAT,107,85.630646,70.94323,34.962963
n2rn1,41225_WAT,108,85.20724,71.4444,33.84634
n2rn1,41225_WAT,109,85.31137,71.15307,34.16793
n2rn1,41225_WAT,110,85.24515,71.0402,34.204437
n2rn1,41225_WAT,111,85.23992,71.20081,34.45373
n2rn1,41225_WAT,112,85.36045,71.0428,34.368473
n2rn1,41225_WAT,127,85.30658,71.34115,34.02091
n2rn1,41225_WAT,129,85.5446,71.56181,35.15899
n2rn1,41225_WAT,141,85.754425,71.08732,35.556915
n2rn1,41225_WAT,156,85.872185,71.053314,35.357098
n2rn1,41225_WAT,76,85.90335,70.84111,35.278072
n2rn1,41225_WAT,77,85.56498,70.98562,35.37913
n2rn1,41225_WAT,79,85.7556,70.802505,35.028454
n2rn1,41225_WAT,80,85.81775,70.85185,35.404465
n2rn1,41225_WAT,81,85.45354,71.00169,34.96158
n2rn1,41225_WAT,82,85.38523,70.68472,35.01644
n2rn1,41225_WAT,83,85.61945,71.074005,34.92885
n2rn1,41225_WAT,84,85.57295,71.12423,35.357407
n2rn1,41225_WAT,114,85.71974,71.00288,34.58372
n2rn1,41225_WAT,115,85.52726,70.89749,33.817757
n2rn1,41225_WAT,116,85.095276,71.08898,34.313118
n2rn1,41225_WAT,117,85.42135,71.02855,34.155445
n2rn1,41225_WAT,118,85.4044,71.03647,33.87611
n2rn1,41225_WAT,119,85.020775,71.00541,34.050034
n2rn1,41225_WAT,120,85.08789,71.079544,34.161358
n2rn1,41225_WAT,121,85.24906,70.94457,34.58577
n2rn1,41225_WAT,122,85.28048,71.259926,33.7913
n2rn1,41225_WAT,123,85.295204,70.95094,33.955036
n2rn1,41225_WAT,124,85.20204,70.79559,34.289604
n2rn1,41225_WAT,125,85.24162,71.001,33.581245
n2rn1,41225_WAT,126,85.233086,71.15822,33.81845
n2rn1,41225_WAT,128,85.13841,70.9501,34.25289
n2rn1,41225_WAT,130,85.39479,70.86308,34.751118
n2rn1,41225_WAT,131,85.63679,70.97283,34.855587
n2rn1,41225_WAT,133,85.52223,70.73634,35.041935
n2rn1,41225_WAT,134,85.633026,70.81949,35.448402
n2rn1,41225_WAT,135,85.61143,71.08609,35.44934
n2rn1,41225_WAT,136,85.675,70.76518,35.441505
n2rn1,41225_WAT,137,85.48987,70.95333,34.955566
n2rn1,41225_WAT,138,85.47839,70.82515,35.45343
n2rn1,41225_WAT,139,85.7106,70.95129,35.094006
n2rn1,41225_WAT,140,85.81038,71.04387,35.172764
n2rn1,41225_WAT,142,85.539925,70.86689,35.47242
n2rn1,41225_WAT,143,85.41022,70.78095,36.108936
n2rn1,41225_WAT,144,85.619644,71.00697,35.480255
n2rn1,41225_WAT,145,85.42385,70.91051,34.907516
n2rn1,41225_WAT,146,85.54406,70.88461,35.370903
n2rn1,41225_WAT,147,85.4418,71.09962,34.702698
n2rn1,41225_WAT,148,85.74498,70.87121,35.085682
n2rn1,41225_WAT,149,85.58841,70.94091,34.14978
n2rn1,41225_WAT,150,85.325294,70.86049,34.295498
n2rn1,41225_WAT,151,85.4784,70.71543,35.18178
n2rn1,41225_WAT,152,85.28277,70.75576,34.872322
n2rn1,41225_WAT,153,85.662766,71.08637,34.67218
n2rn1,41225_WAT,154,85.00908,70.934235,34.59737
n2rn1,41225_WAT,155,85.38854,70.938156,35.060802
n2rn1,41225_WAT,157,84.97956,71.12512,34.31979
n2rn1,41225_WAT,158,85.39646,71.068214,34.59019
n2rn1,41225_WAT,159,85.5895,70.86156,35.104893
n2rn1,41225_WAT,160,85.4586,70.94543,34.99306
n2rn1,41225_WAT,172,85.32835,70.958336,34.50751
n2rn1,41225_WAT,173,85.46922,70.599556,34.991768
n2rn1,41225_WAT,174,85.294235,70.94263,34.58761
n2rn1,41225_WAT,175,85.2928,70.87232,35.46737
n2rn1,41225_WAT,176,85.37941,71.08988,35.314533
n2rn1,41225_WAT,55,84.83795,71.1425,34.750675
n2rn1,41225_WAT,56,84.71676,70.24947,36.442265
n2rn1,41225_WAT,57,85.023445,70.82531,36.067043
n2rn1,41225_WAT,58,85.18886,70.12434,36.01491
n2rn1,41225_WAT,59,84.91133,70.56796,35.82661
n2rn1,41225_WAT,60,85.48184,70.243774,35.274666
n2rn1,41225_WAT,62,84.9088,70.61317,35.91267
n2rn1,41225_WAT,63,85.39509,69.80294,36.58563
n2rn1,41225_WAT,64,85.08832,70.42203,36.867657
n2rn1,41225_WAT,65,85.189384,70.0771,36.39722
n2rn1,41225_WAT,66,85.20498,70.57853,37.005554
n2rn1,41225_WAT,67,85.428024,69.98313,36.07816
n2rn1,41225_WAT,68,85.70147,70.394104,36.50914
n2rn1,41226_WAT,101,68.93672,91.038345,71.73303
n2rn1,41226_WAT,102,68.56968,90.111725,71.5078
n2rn1,41226_WAT,103,68.74264,90.561295,71.24783
n2rn1,41226_WAT,104,68.711815,90.82284,71.65256
n2rn1,41226_WAT,105,68.69711,91.276886,72.009346
n2rn1,41226_WAT,106,69.2674,91.31662,71.58853
n2rn1,41226_WAT,107,68.63108,90.98004,71.69367
n2rn1,41226_WAT,108,69.22073,90.78909,71.691605
n2rn1,41226_WAT,109,68.94828,91.09717,71.62458
n2rn1,41226_WAT,110,68.48577,90.78738,71.13752
n2rn1,41226_WAT,111,68.729485,90.95248,71.5699
n2rn1,41226_WAT,112,68.478485,90.889725,71.33083
n2rn1,41226_WAT,113,68.515045,90.6676,71.92754
n2rn1,41226_WAT,114,68.497665,90.77955,71.45306
n2rn1,41226_WAT,115,68.93154,90.91411,72.15382
n2rn1,41226_WAT,116,68.911995,90.60297,71.14171
n2rn1,41226_WAT,117,68.90585,91.11741,71.45274
n2rn1,41226_WAT,118,68.27218,90.76401,71.28573
n2rn1,41226_WAT,119,68.39516,90.19293,71.42259
n2rn1,41226_WAT,120,68.704254,90.45122,71.416016
n2rn1,41226_WAT,121,68.75884,90.443306,71.22097
n2rn1,41226_WAT,122,68.80832,90.4765,71.33864
n2rn1,41355_WAT,54,81.68329,69.63921,36.38509
n2rn1,41355_WAT,55,83.15033,69.38049,36.812386
n2rn1,41355_WAT,56,82.08213,68.696655,37.544987
n2rn1,41355_WAT,57,82.06703,69.30402,37.094864
n2rn1,41355_WAT,58,81.98784,70.175255,36.317177
n2rn1,41355_WAT,59,81.98394,69.86987,36.692215
n2rn1,41355_WAT,60,82.61784,69.76841,36.38235
n2rn1,41355_WAT,61,82.3365,69.27539,36.01523
n2rn1,41355_WAT,62,82.107605,69.47256,36.380013
n2rn1,41355_WAT,63,82.764015,68.81357,37.121086
n2rn1,41355_WAT,64,82.259964,69.06986,37.585484
n2rn1,41355_WAT,65,82.08035,69.17835,37.14591
n2rn1,41355_WAT,66,82.5731,68.971855,37.41003
n2rn1,41355_WAT,67,83.770195,67.86563,37.16411
n2rn1,41368_WAT,24,110.742256,60.67197,66.55443
n2rn1,41368_WAT,25,110.7649,61.292377,66.06299
n2rn1,41368_WAT,26,110.56028,61.195488,66.80922
n2rn1,41368_WAT,27,110.74574,62.146236,65.43606
n2rn1,41368_WAT,28,110.86299,62.225056,65.73932
n2rn1,41368_WAT,29,110.44485,61.072933,66.75776
n2rn1,41368_WAT,30,110.587395,60.97026,66.52566
n2rn1,41368_WAT,31,110.82362,61.167904,66.21595
n2rn1,41368_WAT,32,110.79938,61.199875,66.576996
n2rn1,41368_WAT,33,110.85776,60.9609,66.46675
n2rn1,41368_WAT,34,110.15728,60.86553,66.02803
n2rn1,41368_WAT,137,115.71026,65.20409,58.28671
n2rn1,41368_WAT,138,115.485756,65.447586,57.451042
n2rn1,41368_WAT,139,115.739975,64.98602,56.823986
n2rn1,41368_WAT,140,115.82917,65.00708,57.439003
n2rn1,41368_WAT,141,113.48656,65.987335,59.79372
n2rn1,41368_WAT,143,113.096054,65.46363,59.773975
n2rn1,41368_WAT,145,113.07164,65.51481,59.85258
n2rn1,41368_WAT,172,115.51045,65.36,57.504192
n2rn1,41368_WAT,173,115.577484,65.04769,57.512054
n2rn1,41368_WAT,174,115.48616,65.05905,57.19039
n2rn1,41368_WAT,176,115.91572,65.58691,57.49621
n2rn1,41368_WAT,142,112.80406,66.43147,59.38928
n2rn1,41368_WAT,144,114.72819,67.37041,59.30123
n2rn1,41368_WAT,147,113.67216,68.9403,59.436516
n2rn1,41368_WAT,148,114.93831,68.93102,59.227745
n2rn1,41368_WAT,149,113.788124,69.098915,59.339558
n2rn1,41368_WAT,150,114.26515,68.78657,59.01116
n2rn1,41368_WAT,151,113.5732,69.15633,59.046562
n2rn1,41368_WAT,152,114.70235,68.57832,59.428394
n2rn1,41368_WAT,153,116.83678,67.33064,56.446182
n2rn1,41368_WAT,154,116.76422,67.65216,56.924046
n2rn1,41368_WAT,155,116.15002,68.611115,57.896214
n2rn1,41368_WAT,156,116.78784,67.6813,57.036625
n2rn1,41368_WAT,157,116.22084,68.25085,58.1074
n2rn1,41368_WAT,158,116.18346,68.676796,57.688896
n2rn1,41368_WAT,159,116.84641,68.10074,57.08714
n2rn1,41368_WAT,160,116.12071,68.36023,57.895027
n2rn1,41368_WAT,175,115.90929,65.54956,57.78726
n2rn1,41483_WAT,0,82.116615,88.725685,59.504738
n2rn1,41483_WAT,1,82.18915,88.30448,59.421555
n2rn1,41483_WAT,2,82.07191,88.38952,59.72182
n2rn1,41483_WAT,3,82.12829,88.48032,59.77542
n2rn1,41483_WAT,4,82.08979,88.980896,59.35722
n2rn1,41483_WAT,5,82.26783,88.52472,59.607822
n2rn1,41483_WAT,6,82.18232,88.41263,59.680294
n2rn1,41483_WAT,7,81.55358,88.19621,58.527584
n2rn1,41483_WAT,8,82.00571,87.770905,59.07218
n2rn1,41483_WAT,10,80.2827,89.28136,58.00976
n2rn1,41483_WAT,12,81.38017,88.153465,58.230244
n2rn1,41483_WAT,13,81.74404,88.40908,58.302658
n2rn1,41756_WAT,61,73.818565,67.56357,63.841896
n2rn1,41756_WAT,62,74.09958,67.44714,63.582386
n2rn1,41756_WAT,64,74.611305,67.8614,64.18381
n2rn1,41756_WAT,65,74.829285,68.41397,64.08068
n2rn1,41756_WAT,67,73.94961,67.5252,63.739803
n2rn1,41756_WAT,68,74.268555,67.5018,63.89142
n2rn1,41756_WAT,69,74.293106,67.55903,63.73445
n2rn1,41756_WAT,70,74.43709,67.96132,64.34208
n2rn1,41756_WAT,71,74.192,67.56461,63.75265
n2rn1,41756_WAT,72,74.96046,68.05277,64.05788
n2rn1,41756_WAT,73,73.96161,67.84063,63.93714
n2rn1,41756_WAT,74,74.423615,67.76374,63.880764
n2rn1,41756_WAT,76,74.998055,68.269806,63.895443
n2rn1,41935_WAT,66,86.88339,94.65658,80.67755
n2rn1,41935_WAT,67,87.23386,95.80794,80.522385
n2rn1,41935_WAT,68,87.14392,95.436325,80.355965
n2rn1,41935_WAT,69,86.82867,95.27377,80.33515
n2rn1,41935_WAT,70,87.02293,95.27424,80.18553
n2rn1,41935_WAT,71,87.69545,95.441284,80.51349
n2rn1,41935_WAT,72,87.223404,94.933754,80.31301
n2rn1,41935_WAT,73,87.50259,95.62421,80.578575
n2rn1,41935_WAT,74,87.462746,95.160515,80.30294
n2rn1,41935_WAT,76,87.12648,95.2919,80.11073
n2rn1,41935_WAT,77,87.31781,95.54058,80.36776
n2rn1,41935_WAT,78,87.74883,95.53349,80.12675
n2rn1,41935_WAT,79,87.32329,95.52007,80.19182
n2rn1,41935_WAT,80,86.813774,95.34804,80.65812
n2rn1,41935_WAT,81,87.44119,95.4969,80.288605
n2rn1,41961_WAT,10,87.01751,55.98456,122.78527
n2rn1,41961_WAT,11,87.32397,55.7819,122.72928
n2rn1,41961_WAT,12,86.89891,56.187626,122.97062
n2rn1,41961_WAT,13,88.04158,54.996185,121.89338
n2rn1,41961_WAT,14,89.48494,55.702515,122.431114
n2rn1,41961_WAT,15,88.19892,55.300083,121.61933
n2rn1,41961_WAT,16,88.54189,55.114162,121.79269
n2rn1,41961_WAT,17,88.42864,54.71477,122.15387
n2rn1,41961_WAT,18,88.46616,54.900322,122.13947
n2rn1,41961_WAT,19,87.725914,54.557472,121.5891
n2rn1,41961_WAT,20,88.04431,55.23886,121.70575
n2rn1,42164_WAT,103,79.08912,74.88746,26.223104
n2rn1,42164_WAT,104,79.27994,74.68601,26.091978
n2rn1,42164_WAT,105,79.07517,74.14946,26.208315
n2rn1,42164_WAT,106,79.40244,74.48572,26.532955
n2rn1,42164_WAT,107,79.28154,74.87346,26.272123
n2rn1,42164_WAT,108,78.91289,74.2048,25.734056
n2rn1,42164_WAT,109,78.80233,74.53949,26.220331
n2rn1,42164_WAT,110,79.019424,75.00399,26.208094
n2rn1,42164_WAT,112,79.04565,74.899254,26.34945
n2rn1,42164_WAT,113,78.975845,73.94472,26.228615
n2rn1,42164_WAT,114,79.17243,74.587326,26.13573
n2rn1,42164_WAT,116,79.367195,75.07988,26.070482
n2rn1,42164_WAT,117,78.58832,75.47064,26.360527
n2rn1,42164_WAT,118,79.23835,75.13717,25.981617
n2rn1,42164_WAT,62,83.502205,73.62661,26.902744
n2rn1,42164_WAT,63,83.42693,73.81482,27.440033
n2rn1,42164_WAT,64,83.14268,73.502426,27.043922
n2rn1,42164_WAT,65,83.41183,73.36232,27.651588
n2rn1,42164_WAT,66,83.37336,74.39631,27.729053
n2rn1,42164_WAT,67,83.23135,74.2732,27.938776
n2rn1,42164_WAT,68,82.86694,74.10076,27.689295
n2rn1,42164_WAT,69,83.09283,73.76005,27.162008
n2rn1,42164_WAT,70,82.64001,74.590065,27.677011
n2rn1,42164_WAT,71,83.25848,73.77072,26.992905
n2rn1,42164_WAT,72,83.16342,73.97286,26.635725
n2rn1,42164_WAT,73,82.837364,73.97521,27.102184
n2rn1,42164_WAT,74,83.07376,73.79412,27.375145
n2rn1,42164_WAT,75,83.61471,74.31184,27.83363
n2rn1,42164_WAT,76,83.83736,74.653915,27.631887
n2rn1,42164_WAT,77,84.227165,74.40806,27.365128
n2rn1,42164_WAT,78,83.145294,73.755165,26.802141
n2rn1,42164_WAT,79,83.00019,73.98711,27.597563
n2rn1,42164_WAT,80,82.93087,74.59823,27.543774
n2rn1,42164_WAT,81,82.18096,73.58155,27.06446
n2rn1,42164_WAT,82,82.68386,73.87317,27.236275
n2rn1,42164_WAT,83,82.46834,74.10726,27.736486
n2rn1,42164_WAT,84,82.66294,74.734024,28.392351
n2rn1,42164_WAT,86,82.74723,74.45998,27.566343
n2rn1,42164_WAT,87,82.53888,74.62952,28.278044
n2rn1,42164_WAT,88,82.98018,74.00757,27.436707
n2rn1,42164_WAT,90,80.201584,74.95834,27.611504
n2rn1,42164_WAT,91,80.73357,73.88039,28.00486
n2rn1,42164_WAT,92,80.99206,74.786095,27.724947
n2rn1,42164_WAT,93,81.15384,74.18419,28.513136
n2rn1,42164_WAT,94,81.28062,75.30618,27.471998
n2rn1,42164_WAT,95,80.807465,75.04743,28.257034
n2rn1,42164_WAT,96,80.64381,75.428566,27.546019
n2rn1,42164_WAT,97,81.25244,75.07988,28.050327
n2rn1,42164_WAT,98,79.9924,74.936424,27.35199
n2rn1,42164_WAT,99,82.308655,74.30743,28.03675
n2rn1,42164_WAT,100,81.37785,75.648155,27.062956
n2rn1,42164_WAT,101,80.9916,74.51423,27.34753
n2rn1,42164_WAT,102,80.05539,75.33339,27.67809
n2rn1,42164_WAT,111,79.751595,75.21122,27.212168
n2rn1,42164_WAT,115,79.53163,75.139175,26.956758
n2rn1,42164_WAT,119,81.70999,74.97467,28.322546
n2rn1,42164_WAT,120,82.838326,74.530205,28.338371
n2rn1,42164_WAT,121,81.57562,74.15237,28.34176
n2rn1,42164_WAT,122,81.573784,73.687706,26.726297
n2rn1,42164_WAT,123,81.83972,73.0976,28.150013
n2rn1,42164_WAT,124,82.45384,74.074745,28.069378
n2rn1,42164_WAT,125,82.91829,74.34385,27.88719
n2rn1,42164_WAT,126,82.78275,74.04333,28.016836
n2rn1,42164_WAT,127,81.706635,71.736115,27.428009
n2rn1,42164_WAT,128,82.22199,71.363884,26.476809
n2rn1,42164_WAT,129,82.37256,71.19911,26.829727
n2rn1,42164_WAT,130,84.30213,71.35971,27.137514
n2rn1,42164_WAT,131,81.82963,71.67773,27.937143
n2rn1,42164_WAT,132,83.127304,72.14427,27.994661
n2rn1,42164_WAT,133,82.937874,72.14617,28.651651
n2rn1,42164_WAT,134,83.23029,71.30885,26.732359
n2rn1,42164_WAT,135,84.46847,71.45309,26.562975
n2rn1,42164_WAT,136,83.532326,71.215004,26.421091
n2rn1,42164_WAT,137,83.86723,71.55844,26.909956
n2rn1,42164_WAT,138,84.07999,71.54683,26.77356
n2rn1,42164_WAT,139,82.681755,71.37221,27.907263
n2rn1,42164_WAT,140,83.471115,71.7707,28.00962
n2rn1,42164_WAT,141,83.24328,71.24778,27.109657
n2rn1,42164_WAT,142,83.83667,71.714485,26.866646
n2rn1,42164_WAT,143,83.635796,71.59606,27.53789
n2rn1,42164_WAT,150,83.270645,71.13115,26.092442
n2rn1,42164_WAT,175,83.06814,71.453354,27.485195
n2rn1,42164_WAT,176,83.393745,71.58466,26.418938
n2rn1,42164_WAT,144,84.3331,70.81321,28.732454
n2rn1,42164_WAT,145,83.714096,70.6914,29.09986
n2rn1,42164_WAT,146,83.10953,70.87926,29.30394
n2rn1,42164_WAT,147,83.515724,70.93037,29.149363
n2rn1,42164_WAT,148,83.40486,70.95695,29.4861
n2rn1,42164_WAT,149,83.54983,71.26796,29.036966
n2rn1,42164_WAT,151,83.22437,70.839066,29.541956
n2rn1,42164_WAT,152,83.50395,70.9628,28.777416
n2rn1,42164_WAT,153,83.46326,70.7806,29.10229
n2rn1,42164_WAT,154,84.052765,71.05928,28.631367
n2rn1,42164_WAT,155,83.89441,70.9904,29.149408
n2rn1,42164_WAT,156,83.0803,70.628654,28.874548
n2rn1,42164_WAT,157,83.71625,70.85029,29.005104
n2rn1,42164_WAT,158,84.35141,70.65624,28.2018
n2rn1,42164_WAT,159,83.51923,71.150665,29.284668
n2rn1,42164_WAT,160,83.16101,71.04814,29.19136
n2rn1,42164_WAT,172,83.83576,70.56582,28.764116
n2rn1,42164_WAT,173,83.91181,70.79847,29.07485
n2rn1,42164_WAT,174,83.2315,70.686264,28.861464
n2rn1,42164_WAT,20,84.83932,73.627975,32.373
n2rn1,42164_WAT,21,84.357376,73.67857,33.167156
n2rn1,42164_WAT,22,84.56053,73.47636,33.361282
n2rn1,42164_WAT,23,84.79802,73.65944,32.898964
n2rn1,42164_WAT,24,84.673584,73.24892,33.350388
n2rn1,42164_WAT,25,84.769295,73.47211,32.52204
n2rn1,42164_WAT,26,84.78015,73.38127,32.61937
n2rn1,42164_WAT,27,84.91548,73.294495,33.941242
n2rn1,42164_WAT,28,85.07201,73.21658,33.6901
n2rn1,42164_WAT,29,84.86678,73.675606,33.08535
n2rn1,42164_WAT,30,85.195915,73.37847,33.479553
n2rn1,42164_WAT,31,85.48547,73.68302,32.35023
n2rn1,42210_WAT,101,67.106384,88.9591,59.015472
n2rn1,42210_WAT,102,67.45206,89.24489,58.63462
n2rn1,42210_WAT,103,67.25273,89.19501,59.136345
n2rn1,42210_WAT,104,67.37497,89.171234,59.071262
n2rn1,42210_WAT,105,67.07274,89.050476,58.88804
n2rn1,42210_WAT,106,67.66706,89.33899,59.48207
n2rn1,42210_WAT,107,67.43601,89.05721,57.702415
n2rn1,42210_WAT,108,66.92788,88.867035,58.007732
n2rn1,42210_WAT,109,67.26498,89.19632,59.16805
n2rn1,42210_WAT,110,67.407906,89.18867,58.973717
n2rn1,42210_WAT,111,67.574814,88.97281,58.8473
n2rn1,42210_WAT,112,67.05806,88.82946,58.759613
n2rn1,42210_WAT,113,67.3985,88.95006,58.946064
n2rn1,42210_WAT,114,67.306656,89.25793,59.431873
n2rn1,42210_WAT,115,67.49572,89.488976,59.210484
n2rn1,42210_WAT,116,67.2951,88.955696,58.72373
n2rn1,42210_WAT,117,66.68855,88.62028,58.72143
n2rn1,42210_WAT,118,67.62676,89.62128,59.725937
n2rn1,42210_WAT,120,67.32693,88.81566,58.599346
n2rn1,42210_WAT,121,66.88668,88.53916,58.43267
n2rn1,42210_WAT,123,66.707245,88.73591,58.350315
n2rn1,42210_WAT,124,67.199066,88.70533,58.48061
n2rn1,42210_WAT,125,66.693405,88.55004,58.610844
n2rn1,42210_WAT,126,67.62014,89.34237,59.233932
n2rn1,42210_WAT,127,67.22042,89.27742,58.26446
n2rn1,42210_WAT,128,67.4149,89.36494,59.28914
n2rn1,42210_WAT,129,68.5522,89.849815,59.766644
n2rn1,42210_WAT,130,67.434746,88.88959,58.865036
n2rn1,42210_WAT,131,67.01355,89.54915,58.572346
n2rn1,42210_WAT,132,67.80291,90.08552,59.584007
n2rn1,42210_WAT,133,67.28448,89.334,59.498493
n2rn1,42210_WAT,134,67.017746,88.750534,58.587605
n2rn1,42210_WAT,135,67.07455,88.87662,59.18351
n2rn1,42210_WAT,136,67.487045,88.96479,58.90208
n2rn1,42239_WAT,62,82.35355,75.00431,29.426403
n2rn1,42239_WAT,64,82.32086,74.99779,29.661766
n2rn1,42239_WAT,65,82.62822,75.27885,29.714909
n2rn1,42239_WAT,66,82.422455,75.60363,30.21092
n2rn1,42239_WAT,67,82.32315,75.189354,30.41431
n2rn1,42239_WAT,68,82.08827,75.089966,30.24266
n2rn1,42239_WAT,69,82.20251,74.93098,29.670908
n2rn1,42239_WAT,70,82.53398,74.66696,30.42649
n2rn1,42239_WAT,72,82.24709,75.19594,29.25515
n2rn1,42239_WAT,73,82.39247,75.12764,29.807049
n2rn1,42239_WAT,74,81.98759,75.13636,29.9533
n2rn1,42239_WAT,32,84.85541,74.14901,31.986998
n2rn1,42239_WAT,33,84.32696,73.65281,33.891903
n2rn1,42239_WAT,34,85.0555,74.4034,32.475273
n2rn1,42239_WAT,35,85.0024,73.80872,32.832256
n2rn1,42239_WAT,36,84.7946,74.08467,32.981026
n2rn1,42239_WAT,37,84.21057,74.924774,32.1517
n2rn1,42239_WAT,38,84.56613,74.427666,32.295155
n2rn1,42239_WAT,39,84.72107,74.491684,32.312927
n2rn1,42239_WAT,40,84.808044,74.04098,32.808945
n2rn1,42239_WAT,41,84.28662,74.02651,32.452076
n2rn1,42239_WAT,42,84.80122,73.910255,32.51271
n2rn1,42239_WAT,44,84.7128,73.98819,32.864544
n2rn1,42239_WAT,45,84.988144,73.81332,33.507816
n2rn1,42239_WAT,87,82.27077,71.0864,31.340437
n2rn1,42239_WAT,88,82.3957,71.22874,30.72683
n2rn1,42239_WAT,89,82.46763,69.58896,30.127882
n2rn1,42239_WAT,90,80.65333,71.2422,30.461662
n2rn1,42239_WAT,91,82.60778,70.26778,30.59286
n2rn1,42239_WAT,92,82.491806,71.040306,30.618368
n2rn1,42239_WAT,93,83.19892,70.55577,30.894691
n2rn1,42239_WAT,94,82.257355,71.51883,30.485313
n2rn1,42239_WAT,95,81.957726,71.2965,30.775473
n2rn1,42239_WAT,96,81.60104,71.15282,30.566698
n2rn1,42239_WAT,97,82.084404,71.060295,30.925776
n2rn1,42239_WAT,98,80.561806,70.94328,30.214794
n2rn1,42239_WAT,99,83.11793,69.71315,30.697577
n2rn1,42239_WAT,111,80.81705,70.03047,29.157429
n2rn1,42239_WAT,112,80.6985,70.35833,29.193304
n2rn1,42239_WAT,113,80.095604,68.98952,27.633314
n2rn1,42239_WAT,115,80.336334,71.23355,29.549767
n2rn1,42239_WAT,116,79.989685,69.8071,28.147985
n2rn1,42239_WAT,117,80.29643,70.867676,28.842224
n2rn1,42239_WAT,118,80.81932,70.86302,29.069437
n2rn1,42239_WAT,119,80.287056,70.863594,29.159641
n2rn1,42239_WAT,120,80.95269,71.532524,29.943882
n2rn1,42239_WAT,121,80.096466,70.42463,28.485437
n2rn1,42239_WAT,127,80.2379,71.161865,28.8518
n2rn1,42239_WAT,128,80.2258,69.93111,27.808212
n2rn1,42239_WAT,129,81.85024,70.96416,30.098883
n2rn1,42239_WAT,130,82.9815,70.80648,30.798103
n2rn1,42239_WAT,131,80.38013,71.691414,30.306536
n2rn1,42239_WAT,132,81.341385,71.69924,30.49879
n2rn1,42239_WAT,133,80.66801,71.642365,30.811508
n2rn1,42239_WAT,134,82.77487,70.80086,30.520533
n2rn1,42239_WAT,135,83.17549,70.38936,30.13455
n2rn1,42239_WAT,136,82.92705,70.657616,30.470488
n2rn1,42239_WAT,137,82.69021,70.8532,30.4599
n2rn1,42239_WAT,138,82.88358,70.92349,30.744017
n2rn1,42239_WAT,139,81.3373,71.4925,30.627903
n2rn1,42239_WAT,140,81.6772,71.45277,30.217037
n2rn1,42239_WAT,141,82.62369,70.95045,30.854517
n2rn1,42239_WAT,142,82.532616,70.59418,30.621881
n2rn1,42239_WAT,143,82.460754,71.060684,31.210287
n2rn1,42239_WAT,144,82.402504,71.121346,30.505829
n2rn1,42239_WAT,145,82.06121,71.28547,30.514555
n2rn1,42239_WAT,146,81.09466,71.54816,30.503521
n2rn1,42239_WAT,147,81.4538,71.37277,30.304283
n2rn1,42239_WAT,148,81.50302,71.77306,30.513355
n2rn1,42239_WAT,149,81.67208,71.719826,30.228127
n2rn1,42239_WAT,150,83.09812,70.6431,30.24034
n2rn1,42239_WAT,151,80.97224,71.236145,30.589188
n2rn1,42239_WAT,152,81.815216,71.5945,30.246803
n2rn1,42239_WAT,153,81.6706,71.38061,30.735191
n2rn1,42239_WAT,154,82.126816,71.510956,30.295307
n2rn1,42239_WAT,155,81.81443,71.292595,30.544352
n2rn1,42239_WAT,156,81.84372,71.368286,30.562347
n2rn1,42239_WAT,157,81.99693,71.36595,30.386902
n2rn1,42239_WAT,158,82.70641,71.517975,30.368305
n2rn1,42239_WAT,159,81.3628,71.792015,30.407648
n2rn1,42239_WAT,160,81.06798,71.62109,30.56877
n2rn1,42239_WAT,172,82.1164,71.35009,30.27871
n2rn1,42239_WAT,173,81.92748,71.645996,30.387672
n2rn1,42239_WAT,174,81.95925,71.81919,30.044186
n2rn1,42239_WAT,175,81.55674,71.63648,30.160357
n2rn1,42243_WAT,122,59.870552,104.206696,40.66879
n2rn1,42243_WAT,123,59.359173,103.85645,41.596058
n2rn1,42243_WAT,124,59.51101,103.8765,41.388596
n2rn1,42243_WAT,125,59.505127,103.5606,41.727657
n2rn1,42243_WAT,126,60.14904,103.71739,40.42002
n2rn1,42243_WAT,127,59.377304,103.662834,41.487537
n2rn1,42243_WAT,128,59.856945,103.624344,41.199055
n2rn1,42243_WAT,130,59.32094,103.65412,40.784718
n2rn1,42243_WAT,131,59.718716,103.93008,40.554096
n2rn1,42243_WAT,132,59.56862,104.51684,40.844738
n2rn1,42243_WAT,134,58.72093,103.54212,42.48175
n2rn1,42243_WAT,136,59.537674,104.06815,40.376934
n2rn1,42243_WAT,137,59.52298,103.40501,40.931824
n2rn1,42304_WAT,88,81.13333,70.759384,27.779287
n2rn1,42304_WAT,89,82.49162,72.502266,27.836842
n2rn1,42304_WAT,90,83.07445,73.17001,28.70439
n2rn1,42304_WAT,91,84.01249,73.136,28.397858
n2rn1,42304_WAT,98,82.80011,73.37032,29.308384
n2rn1,42304_WAT,102,82.79842,73.4596,29.18121
n2rn1,42304_WAT,103,82.19465,73.58182,28.957424
n2rn1,42304_WAT,104,82.987526,72.28972,29.101784
n2rn1,42304_WAT,105,83.335945,71.79797,28.897093
n2rn1,42304_WAT,107,83.42133,73.08017,28.56374
n2rn1,42304_WAT,108,82.844475,73.1484,27.793951
n2rn1,42304_WAT,109,82.2694,73.187485,28.888144
n2rn1,42304_WAT,110,82.68385,73.50388,28.886894
n2rn1,42304_WAT,111,82.67443,73.45112,28.90158
n2rn1,42304_WAT,112,82.39014,73.204475,28.886856
n2rn1,42304_WAT,113,81.60049,71.796844,28.451674
n2rn1,42304_WAT,114,81.146736,71.211395,27.769176
n2rn1,42304_WAT,115,82.52862,73.20759,28.627203
n2rn1,42304_WAT,116,81.60497,72.67615,28.904015
n2rn1,42304_WAT,117,81.6849,73.703224,28.814835
n2rn1,42304_WAT,118,82.19729,73.77642,28.583408
n2rn1,42304_WAT,119,82.694565,71.43356,28.426594
n2rn1,42304_WAT,120,82.8939,70.84395,28.202978
n2rn1,42304_WAT,121,82.00096,70.54691,27.84693
n2rn1,42304_WAT,122,81.875435,70.450195,25.311464
n2rn1,42304_WAT,123,81.04717,70.33856,26.252193
n2rn1,42304_WAT,124,82.138054,70.26996,27.964474
n2rn1,42304_WAT,125,82.48912,71.18469,26.87218
n2rn1,42304_WAT,126,81.39648,71.08275,27.505732
n2rn1,42304_WAT,127,79.2421,71.002266,26.826374
n2rn1,42304_WAT,128,79.94657,70.15917,25.184967
n2rn1,42304_WAT,129,79.89991,71.145706,27.09069
n2rn1,42304_WAT,131,78.96265,71.652054,27.640522
n2rn1,42304_WAT,135,81.484535,70.12789,27.061792
n2rn1,42304_WAT,142,80.78302,70.660446,27.779392
